epoch,smiles,ai_score
2,CC(=O)C(Cc1ccccc1)NC(=O)c1ccccc1,0.983
8,CC(N)CC(=O)C(c1ccccc1)c1ccccc1,0.972
2,CN(CCC(=O)Nc1ccccc1)c1ccccc1,0.972
1,CCN(CC(=O)Nc1ccccc1)c1ccccc1,0.972
8,CC(SC(=O)CNc1ccccc1)c1ccccc1,0.971
7,CC(=Cc1ccccc1)NC(=O)Cc1ccccc1,0.97
3,CC(=O)Nc1ccccc1C(=O)Nc1ccccc1,0.969
3,CC(C)NC(=O)C(Cc1ccccc1)c1ccccc1,0.967
1,CC(C)CNC(=O)C(Oc1ccccc1)c1ccccc1,0.966
1,CCNC(=O)C(C(C)=Cc1ccccc1)c1ccccc1,0.966
4,CC(C)C(CNC(=O)c1ccccc1)c1ccccc1,0.963
3,CCC(=Cc1ccccc1)NC(=O)Cc1ccccc1,0.963
5,CC(N)C(=O)NC(Cc1ccccc1)c1ccccc1,0.962
3,CC(Cc1ccccc1)NC(=O)c1ccccc1,0.961
1,CCN(CCNC(=O)c1ccccc1)c1ccccc1,0.961
3,CNC(=O)C(Cc1ccccc1)c1ccccc1,0.961
3,CC(=O)NC(Cc1ccccc1)c1ccccc1,0.961
4,CCN(CC(=O)NCc1ccccc1)c1ccccc1,0.961
1,CCNC(=O)C(Cc1ccccc1)c1ccccc1,0.96
9,CC(=CNC(=O)Cc1ccccc1)Nc1ccccc1,0.96
8,CC(C)C(=O)C(Nc1ccccc1)c1ccccc1,0.959
3,CC(NC(=O)CC=Cc1ccccc1)c1ccccc1,0.959
5,CC(=Cc1ccccc1)NC(=O)c1ccccc1,0.959
1,CC(=O)C(Cc1ccccc1)Nc1ccccc1,0.957
2,CC(C)OC(=O)Nc1ccccc1C(=O)c1ccccc1,0.956
1,CC(CCNC(=O)c1ccccc1)c1ccccc1,0.956
1,CC(CC(=O)Nc1ccccc1)c1ccccc1,0.954
8,COCC(=O)Cc1ccccc1Nc1ccccc1,0.953
2,CNC(=O)C(Cc1ccccc1)Nc1ccccc1,0.952
1,CCNC(=O)C(Cc1ccccc1)c1ccc(CC)cc1,0.951
7,CCC(=O)C(Nc1ccccc1)c1ccccc1,0.951
5,COC(=O)Nc1ccccc1C(=O)c1ccccc1,0.95
2,CNCC(=O)C(Cc1ccccc1)c1ccccc1,0.95
3,CC(NC(=O)c1ccccc1)c1ccccc1,0.948
6,CC(=O)CNC(=O)c1ccccc1C(=O)c1ccccc1,0.948
2,CC(=O)C(CNC(=S)c1ccccc1)c1ccccc1,0.947
2,CC(=O)Nc1ccccc1C(=O)Cc1ccccc1,0.946
1,CCCNC(=O)C(Cc1ccccc1)c1ccccc1,0.946
4,CCC(NC(=O)Nc1ccccc1)c1ccccc1,0.946
1,CCCCNC(=O)N(C(=O)c1ccccc1)c1ccccc1,0.946
7,CCNC(=O)C(CCc1ccccc1)c1ccccc1,0.946
6,CCC(=O)C(Cc1ccccc1)Nc1ccccc1,0.945
3,CCC(CC(=O)Nc1ccccc1)c1ccccc1,0.945
5,CC(CC(=O)Cc1ccccc1)Nc1ccccc1,0.945
2,CC(CC(=O)C(C)C)NC(=O)c1ccccc1,0.944
7,CC(O)C(Cc1ccccc1)c1ccccc1,0.943
7,CC(=CC(O)C(=O)c1ccccc1)c1ccccc1,0.943
3,CCCNC(=O)c1ccccc1C(=O)c1ccccc1,0.942
4,CC(C)C(CNC(=O)Nc1ccccc1)c1ccccc1,0.942
2,CC(CC(=O)c1ccccc1)NC(=O)c1ccccc1,0.942
2,CC(CC(=O)C(=O)Nc1ccccc1)c1ccccc1,0.941
1,CC(C)CC(=O)Nc1ccccc1C(=O)c1ccccc1,0.941
4,CSC(=O)NC(=Cc1ccccc1)c1ccccc1,0.941
7,CCc1ccccc1NC(=O)C(=O)Nc1ccccc1,0.939
6,CC(NC(=O)C(=O)Nc1ccccc1)c1ccccc1,0.938
4,CC(=O)Nc1ccccc1C(=O)c1ccccc1,0.936
2,CC(=NC(O)C(=O)Nc1ccccc1)c1ccccc1,0.936
2,CNC(=O)c1ccccc1C(=O)c1ccccc1,0.935
2,COC(=O)C(Nc1ccccc1)c1ccccc1,0.935
2,CCCC(=O)Cc1ccccc1C(=O)NC(=O)c1ccccc1,0.934
2,CNCCC(=O)C(Cc1ccccc1)c1ccccc1,0.934
4,CCNCC(=O)C(Cc1ccccc1)c1ccccc1,0.934
2,CCCNC(=O)NC(Cc1ccccc1)c1ccccc1,0.933
1,CCOC(=O)C(Nc1ccccc1)c1ccccc1,0.932
1,CC(C)CCNC(=O)OCc1ccccc1,0.931
1,CC(NC(=O)CC(=O)Nc1ccccc1)c1ccccc1,0.93
1,CSC(=O)C(Cc1ccccc1)c1ccccc1,0.927
2,CCC(=O)NC(=Cc1ccccc1)c1ccccc1,0.927
10,CCCC(=O)C(O)C(=Nc1ccccc1)c1ccccc1,0.926
3,CCCCCCNC(=O)N1C(=O)Nc2ccccc2C1=O,0.926
1,CC(=O)C(=Cc1ccccc1)Nc1ccccc1,0.925
8,CC(O)COc1ccccc1C(=O)Cc1ccccc1,0.925
6,CC(C=CC(=O)Nc1ccccc1)c1ccccc1,0.923
1,CCCC(=O)C(Cc1ccccc1)Nc1ccccc1,0.923
1,COCNC(=O)C(Cc1ccccc1)c1ccccc1,0.923
1,CNCCC(=O)c1ccccc1C(=O)c1ccccc1,0.923
4,CC(=O)C(Cc1ccccc1)NC(=O)C(C),0.923
3,CNCC(=O)C(Sc1ccccc1)c1ccccc1,0.922
7,CC(=Cc1ccccc1)Nc1ccccc1C(=O),0.921
9,CC(S)C(=O)C(Cc1ccccc1)c1ccccc1,0.921
4,CC(=CCCNC(=O)c1ccccc1)c1ccccc1,0.921
4,CC(=O)NC(=Cc1ccccc1)c1ccccc1,0.921
5,CCC(CCC(=O)Nc1ccccc1)c1ccccc1,0.92
3,CC(C)CNC(=Cc1ccccc1)Nc1ccccc1,0.919
6,CCC(NCc1ccccc1)c1ccccc1,0.919
1,CC(Cc1ccccc1)Nc1ccccc1,0.919
2,CC(C)CC(=O)Nc1ccccc1C(=O)Cc1ccccc1F,0.918
2,CCC(NCCC(=O)Nc1ccccc1)c1ccccc1,0.918
1,CCCNC(=O)C(Sc1ccccc1)c1ccccc1,0.918
1,Cc1ccccc1C(=O)Nc1ccccc1,0.918
4,CNC(=O)NC(=Cc1ccccc1)c1ccccc1,0.917
7,CCNCC(=O)C(Cc1ccccc1)Oc1ccccc1,0.917
9,CCC(=O)C(=Cc1ccccc1)Nc1ccccc1,0.917
9,CCC(=O)C(=CNc1ccccc1)c1ccccc1,0.917
9,CC(C)CC(=O)NC(=Cc1ccccc1)c1ccccc1,0.917
5,CNCC(=O)C(Cc1ccccc1)Nc1ccccc1,0.917
8,Cc1ccccc1NC(=O)C(=O)Nc1ccccc1,0.916
6,CC(N)C(C)C(=Cc1ccccc1)c1ccccc1,0.916
3,CC(CCc1ccccc1)Nc1ccccc1,0.915
4,CC(NCNC(=O)c1ccccc1)c1ccccc1,0.914
3,CC(=O)NC(Cc1ccccc1)Nc1ccccc1,0.914
4,CCCNC(Cc1ccccc1)c1ccccc1,0.913
4,CCN(CCNC(=O)C(=O)Nc1ccccc1)c1ccccc1,0.913
2,CC=CCNC(=O)C(Cc1ccccc1)c1ccccc1,0.912
2,CC(C=CCNC(=O)Cc1ccccc1)c1ccccc1,0.912
7,CC(C)CNCC(=O)C(Cc1ccccc1)c1ccccc1,0.911
1,CC(=Cc1ccccc1)Nc1ccccc1,0.91
10,CC(=CNc1ccccc1)c1ccccc1,0.91
7,CNCCC(=O)Nc1ccccc1C(=O)c1ccccc1,0.91
2,CN(CC)C(=O)c1ccccc1C(=O)c1ccccc1,0.909
2,CC(C=CCC(=O)Nc1ccccc1)c1ccccc1,0.909
4,CCN(CC(=O)C(C)C(=O)Nc1ccccc1)c1ccccc1,0.908
3,CCCNC(=O)C(CC(=O)c1ccccc1)c1ccccc1,0.906
3,COCCNC(=O)C(Cc1ccccc1)c1ccccc1,0.905
1,CC(=O)C=C(CCc1ccccc1)Nc1ccccc1,0.905
3,CCCNC(=O)C(=Cc1ccccc1)Nc1ccccc1,0.905
7,CC(=O)CC(=O)C(Cc1ccccc1)Nc1ccccc1,0.905
1,CNC(=Cc1ccc(CC)cc1)c1ccccc1,0.905
7,COCC(=O)C(Cc1ccccc1)c1ccccc1,0.904
9,CC(O)C(=Cc1ccccc1)c1ccccc1,0.903
4,CNCNC(=O)C(Cc1ccccc1)c1ccccc1,0.903
9,CC(=O)C(Cc1ccccc1)OCc1ccccc1,0.903
2,CC(C)C(C)C(=O)C(=O)Nc1ccccc1,0.903
1,CNCN(Cc1ccccc1)c1ccccc1,0.902
4,CNCCC(=O)C(Sc1ccccc1)c1ccccc1,0.901
5,CCNCC(=O)C(Sc1ccccc1)c1ccccc1,0.901
4,CCCNC(=O)NC(=O)c1ccccc1,0.901
1,CC(CCCNC(=O)c1ccccc1)c1ccccc1,0.901
1,CN(CCc1ccccc1)Nc1ccccc1,0.901
8,COCCC(=O)C(=Cc1ccccc1)Nc1ccccc1,0.9
8,CC(C)CC(=Cc1ccccc1)C(=O)Nc1ccccc1,0.9
4,CC(C)NC(=Cc1ccccc1)c1ccccc1,0.9
1,CC(C)CCNC(=O)Cc1ccccc1,0.9
2,CCN(CC(=O)Cc1ccccc1)Nc1ccccc1,0.898
9,CC(NC)CC(=O)Cc1cccc(C=Cc2ccccc2)c1,0.898
1,COC(=O)C(C(F)c1ccccc1)c1ccccc1,0.898
5,CCNCC(=O)C(Cc1ccccc1)Nc1ccccc1,0.897
3,CC(CC(=O)CCNC(=S)c1ccccc1)c1ccccc1,0.896
1,CCNC(=Cc1ccccc1)c1ccccc1,0.894
1,CC(C)C(=O)c1ccccc1C(=O)c1ccccc1,0.893
1,CC(=O)C(Cc1ccccc1)c1ccccc1,0.893
3,CC(CCC)CCNC(=O)Nc1ccccc1,0.892
1,CC(CC(=O)C(=O)Nc1ccccc1)c1ccccc1CCO,0.891
3,CCC(=O)C(Cc1ccccc1)c1ccccc1,0.889
5,CCC(=O)CC(=S)Nc1ccccc1,0.889
2,CC(CC(=O)Cc1ccccc1)c1ccccc1,0.889
6,CCC(OC)C(=O)C(Cc1ccccc1)c1ccccc1,0.887
1,COC(=O)C(Cc1ccccc1)c1ccccc1,0.887
2,CCNCC(=O)Nc1ccccc1C(=O)Nc1ccccc1,0.887
4,CCCCc1ccccc1CCNC(=O)C(=O)Nc1ccccc1,0.887
1,CCCCNC(=O)C(Cc1ccccc1)c1ccccc1,0.886
1,CCC(C=CCNC(=O)Cc1ccccc1)c1ccccc1,0.886
3,CNCCNC(=O)C(Cc1ccccc1)c1ccccc1,0.886
4,CCOCC(=O)C(Cc1ccccc1)c1ccccc1,0.886
3,CCNCC(=O)C(=Cc1ccccc1)Nc1ccccc1,0.885
3,CC(Cc1ccccc1)NNc1ccccc1,0.885
4,CN(C)CC(=N)C(F)C(=O)Cc1ccccc1,0.885
2,CC(NCc1ccccc1)Nc1ccccc1,0.885
1,COC(=O)CCC(=O)Nc1ccccc1,0.884
6,CCCC(=O)C(c1ccccc1)c1ccccc1,0.884
1,CCOC(=O)C(Cc1ccccc1)c1ccccc1,0.884
1,CC(C)CC(=O)c1ccccc1C(=O)c1ccccc1,0.883
2,CCCCNC(=O)NC(=O)c1ccccc1,0.883
4,COCCCNC(=O)C(Cc1ccccc1)c1ccccc1,0.882
4,CC(=O)C(c1ccccc1)c1ccccc1,0.881
1,CN(CC(=O)C=Cc1ccccc1)c1ccccc1,0.881
6,CCCCCNC(=O)NC(=O)Cc1ccccc1,0.881
10,CC(=N)C(Cc1ccccc1)c1ccccc1,0.879
2,CCCC(=O)C(=O)C(Cc1ccccc1)Nc1ccccc1,0.879
3,CCNCC(=O)NC(=O)c1ccccc1,0.879
1,CCCNCCC(=O)N(Cc1ccccc1)c1ccccc1,0.878
5,CCCCCC(=O)C(C)NC(=O)c1ccccc1,0.877
1,CCC(=O)NC(=O)c1ccccc1C(=O),0.877
5,CCNC(SC)C(=O)Nc1ccccc1,0.876
4,COC(=O)C(c1ccccc1)c1ccccc1,0.876
4,CCCCC(=O)C(=O)Nc1ccccc1,0.875
8,CNCCCC(=O)C(Cc1ccccc1)c1ccccc1,0.875
3,CC(=O)c1ccccc1C(=O)c1ccccc1,0.875
7,CC(=O)C(Sc1ccccc1)c1ccccc1,0.875
6,CCNCCC(=O)C(Cc1ccccc1)c1ccccc1,0.875
5,CNc1ccccc1NC(=O)C(=O)Nc1ccccc1,0.874
8,CCC(=O)CC(=O)C(c1ccccc1)c1ccccc1,0.872
4,CC(C)CC(=O)C(Cc1ccccc1)c1ccccc1,0.871
2,CCCCCCCNC(=O)NC(=O)c1ccccc1,0.869
4,CCCOC(=O)C(Cc1ccccc1)c1ccccc1,0.869
8,CC(C)CC(C)CNC(=O)C(Cc1ccccc1)c1ccccc1,0.869
6,CC(=Cc1ccccc1)N1Cc2ccccc21,0.867
8,CCNCCC(=O)Cc1ccccc1C(=O)Nc1ccccc1,0.866
3,CCNC(=CNC(=S)Nc1ccccc1)c1ccccc1,0.866
9,CC(C)CC(=O)C(=Nc1ccccc1)c1ccccc1,0.865
3,CNCCCNC(=O)C(Cc1ccccc1)c1ccccc1,0.865
8,CC(=CC(=O)Cc1ccccc1)c1ccccc1,0.865
2,CCNCCNC(=O)C(Cc1ccccc1)c1ccccc1,0.865
2,CCN(CC(=O)C(=O)Cc1ccccc1)c1ccccc1,0.863
1,CC(=O)C(=Nc1ccccc1)c1ccccc1,0.863
7,CC(=N)C(F)CNC(=O)Cc1ccccc1,0.863
1,CCCCCCCNC(=O)Oc1ccccc1,0.862
3,CNCCCCC(=O)NC(=O)c1ccccc1,0.861
6,CC(C)CNC(=S)Nc1ccccc1C(=O)Nc1ccccc1,0.861
4,CC=CC(=O)C(Cc1ccccc1)c1ccccc1,0.86
7,CC(=O)CC(=Cc1ccccc1)c1ccccc1,0.859
7,CC(=O)CNCCC(=O)C(Cc1ccccc1)c1ccccc1,0.857
1,COCCNCC(=O)C(Cc1ccccc1)c1ccccc1,0.856
2,CCCCCNC(=O)C(Cc1ccccc1)c1ccccc1,0.855
4,CCNC(=CNCc1ccccc1)Nc1ccccc1,0.854
1,CC(NCCNC(=O)C(F)(C)C)C(=O)Cc1ccccc1,0.852
7,CNCCC(=O)CNC(=S)Cc1ccccc1,0.851
5,CC(CC(=O)c1ccccc1)c1ccccc1,0.851
3,CCN(CCNCCOc1ccccc1)c1ccccc1,0.851
5,CC(C)CCCNC(=O)C(Cc1ccccc1)c1ccccc1,0.848
5,CC(CC(=O)C(C)C)CCC(=O)Cc1ccccc1,0.848
8,CCOCC(O)C(=O)C(=O)Nc1ccccc1,0.847
2,Cc1ccccc1C(=O)Cc1ccccc1,0.847
4,CN(CCC)CCN=C(CCC)C(=O)Nc1ccccc1,0.847
3,CC(=CCCCCNC(=O)Cc1ccccc1)c1ccccc1,0.846
8,CCC(NCCC)NC(=O)Cc1ccccc1,0.846
9,CC(C)CC(=O)C(Cc1ccccc1)c1ccccc1C(=O),0.845
2,COCCCCCCCC(=O)NC(=O)c1ccccc1,0.844
4,CCCCC(=O)C(Cc1ccccc1)c1ccccc1,0.844
9,CCCC(=O)C(CCc1ccccc1)c1ccccc1,0.844
4,CC(SCCC(=O)c1ccccc1)c1ccccc1,0.843
3,CCCC(=O)C(Sc1ccccc1)c1ccccc1,0.837
6,CC(C)NCC(=O)Cc1ccccc1C(=O)CCO,0.837
3,CC(CCC(=O)CN(C)C)C(=O)c1ccccc1,0.836
2,CCN(CCCOCc1ccccc1)C(=O)c1ccccc1,0.836
1,COC(=O)Nc1ccccc1C(=O)C(=O)c1ccccc1,0.834
2,CNC(=O)Oc1ccccc1C(=O)C(=O)c1ccccc1,0.834
5,CC(CCCN)CNC(=O)c1ccccc1C(=O)Cc1ccccc1,0.833
1,CC(CCN(C)C)C(=O)c1ccccc1,0.832
7,CCOCCC(=O)C(Cc1ccccc1)c1ccccc1,0.829
10,CC(N)CCNC(=O)Nc1ccccc1C(=O)Cc1ccccc1,0.829
4,CC(NCCCNC(=O)Nc1ccccc1)c1ccccc1,0.829
8,CC(=O)Nc1ccccc1C(=O)C(=O)c1ccccc1,0.829
1,CC(=NCc1ccccc1)c1ccccc1,0.828
9,CCCCCCCC(=O)N(CC(=O)O)C(=O)Nc1ccccc1,0.827
2,CCC1OCCC(=O)C(=O)c2ccccc21,0.825
1,COCC(=O)N1C(=O)c2ccccc2C1=O,0.824
10,CC(=O)NCc1ccccc1C(=O)C(=O)c1ccccc1,0.823
4,CC(NCCC)CNC(=O)C(=O)Nc1ccccc1,0.822
7,CC(O)c1ccccc1C(=O)C(=O)c1ccccc1,0.822
9,COc1ccccc1C(=O)C(=O)Nc1ccccc1,0.822
3,CCCNC(=NC(=O)Cc1ccccc1)c1ccccc1,0.822
7,COc1ccccc1NC(=O)C(=O)c1ccccc1,0.822
6,CCc1ccccc1C(=O)C(=O)Nc1ccccc1,0.82
1,CCC(NC(=O)C(=O)c1ccccc1)c1ccccc1,0.818
3,CNC(=O)Nc1ccccc1C(=O)C(=O)c1ccccc1,0.818
6,CC(=O)Nc1ccccc1C(=O)C(=O)Nc1ccccc1,0.817
6,CCCCCCNC(=O)C(Cc1ccccc1)c1ccccc1,0.817
6,CN1CCCCCCCCCCC(=O)C(=O)C(=O)c2ccccc2C1=O,0.816
5,CC(C)CC(=O)Nc1ccccc1C(=O)Nc1ccccc1,0.815
10,CC(O)CC(=O)C(=Cc1ccccc1)c1ccccc1,0.814
1,CCOC(=O)C(=Cc1ccccc1)Nc1ccccc1,0.814
5,Cc1ccccc1NC(=O)C(=O)c1ccccc1,0.813
9,Cc1ccccc1C(=O)C(=O)Nc1ccccc1,0.813
9,CCCCCCCCCC(=O)NC(=O)Cc1ccccc1,0.813
5,CCCCCCCCNC(=O)C(C)c1ccccc1,0.813
6,CNc1ccccc1C(=O)C(=O)c1ccccc1,0.811
2,CCCNC(=O)c1ccccc1C(=O)C(=O)c1ccccc1,0.811
1,CC(SCC(=O)CCC(=O)NCc1ccccc1)C(=O)Nc1ccccc1,0.811
8,CNc1ccccc1C(=O)C(=O)Cc1ccccc1,0.811
3,CCNC(=O)C(C(=O)c1ccccc1)C(=O)c1ccccc1,0.81
1,CCNC(=O)Nc1ccccc1C(=O)C(=O)c1ccccc1,0.81
2,CCCNC(=O)C(Cc1ccccc1)NNc1ccccc1,0.81
3,CCC(O)C(=O)c1ccccc1C(=O)C(=O)c1ccccc1,0.81
9,CC(=O)NCc1ccccc1C(=O)C(=O)Nc1ccccc1,0.809
3,CCC(COC)=CNC(=O)OC(=O)c1ccccc1,0.808
1,CCNC(=O)C(=Cc1ccccc1)c1ccccc1,0.808
3,CCCNC(=S)Nc1ccccc1C(=O)c1ccccc1,0.807
2,CC(CCNC(=O)C(=O)c1ccccc1)c1ccccc1,0.807
1,CCCCNCCNC(=O)NC(=O)c1ccccc1,0.807
9,CNCC(=O)C(=Cc1ccccc1)c1ccccc1,0.807
1,CCCCNCCCCCC(=O)NC(=O)c1ccccc1,0.806
4,CCCCCCCCNC(=O)CNC(=O)c1ccccc1,0.806
4,CCCCCCCCNCC(=O)NC(=O)c1ccccc1,0.806
4,CCCCCCCCNC(=O)NCc1ccccc1,0.806
6,CC(CCNCCCC(=O)NCc1ccccc1)c1ccccc1,0.806
2,CC(C)CNC(=S)Nc1ccccc1C(=O)c1ccccc1,0.805
4,CC(C)CC(=O)C(=Nc1ccccc1)Nc1ccccc1,0.805
7,CCCC(=S)Nc1ccccc1C(=O)c1ccccc1,0.804
2,CC(=NNC(=O)c1ccccc1)c1ccccc1,0.804
1,CCCNC(=O)C(=Cc1ccccc1)c1ccccc1,0.803
6,CCCCNCCC(=O)C(c1ccccc1)Nc1ccccc1,0.803
1,CNC(=O)C(=Cc1ccccc1)c1ccccc1,0.802
4,CC(C)NCCCCNC(=O)C(Cc1ccccc1)c1ccccc1,0.802
5,CC(=NNCC(=O)Cc1ccccc1)c1ccccc1,0.801
1,CCCOC(=O)C(=O)Nc1ccc(CC)cc1,0.8
1,CC(=NCCNC(=O)Nc1ccccc1)c1ccccc1,0.799
2,CNCCC(=O)C(=Cc1ccccc1)c1ccccc1,0.798
2,CCNCC(=O)C(=Cc1ccccc1)c1ccccc1,0.798
1,CC(NC(N)C(=O)c1ccccc1)c1ccccc1,0.796
1,CCCCNC(=O)C(=Nc1ccccc1)c1ccccc1,0.795
4,CCCC(=O)Nc1ccccc1C(=O)C(=O)Nc1ccccc1,0.795
1,COCCNC(=O)Nc1ccccc1C(=O)c1ccccc1,0.795
4,CCCOCCCCCCCC(=O)NC(=O)c1ccccc1,0.794
4,CCCNC(=CC(=O)c1ccccc1)c1ccccc1,0.793
2,COCCCNC(=O)c1ccccc1C(=O)c1ccccc1,0.792
2,CCCNC(=O)C(=O)c1ccccc1C(=O)Cc1ccccc1,0.792
2,CCCNC(=O)C(=NNc1ccccc1)c1ccccc1,0.792
4,CC(=O)CCNc1ccccc1C(=O)C(=O)c1ccccc1,0.791
2,CN(C)CC(=O)Nc1ccccc1C(=O)C(=O)Nc1ccccc1,0.79
1,CCS(=O)c1ccccc1C(=O)C(=O)c1ccccc1,0.789
8,CCOCNC(=O)C(Cc1ccccc1)c1ccccc1,0.788
5,CC(C)CC(=O)c1ccccc1C(O)C(=O)C(=O)c1ccccc1,0.788
2,CC(SC(=O)C(=O)c1ccccc1)c1ccccc1,0.787
1,CCCCCNC(=O)c1ccccc1C(=O)c1ccccc1,0.786
8,CCCCCNC(=O)C(=S)Nc1ccccc1,0.786
1,CC(CC(=O)Nc1ccccc1)C(C)C(=O)C(=O)c1ccccc1,0.786
3,COC(=Cc1ccccc1)NNc1ccccc1,0.785
5,CC(C)CCNC(=O)C(=Cc1ccccc1)c1ccccc1,0.785
1,CC(=O)c1ccccc1C(=O)C(=O)c1ccccc1,0.784
1,CC(=CNC(=N)c1ccccc1)c1ccccc1,0.783
4,COC(=O)C(Cc1ccccc1)c1ccccc1C(=O),0.783
2,CC(=O)c1ccccc1CC(=O)C(=O)c1ccccc1,0.782
5,CC(F)C(=Cc1ccccc1)Nc1ccccc1,0.782
1,CN(C)Cc1ccccc1C(=O)C(=O)c1ccccc1,0.782
2,CC(=O)C(=O)Cc1ccccc1C(=O)c1ccccc1,0.782
7,CCC(=O)c1ccccc1C(=O)C(=O)c1ccccc1,0.781
4,CCC(=O)Cc1ccccc1OC(=O)c1ccccc1,0.781
3,CC(=O)C(C(=O)c1ccccc1C)c1ccccc1,0.781
9,CC(=O)C(C)C(=O)C(=O)Nc1ccccc1,0.78
4,C(Sc1ccccc1)Nc1ccccc1,0.78
1,COC(=CCOC(=O)c1ccccc1)c1ccccc1,0.78
5,CC(C)CC(=CCc1ccccc1)NC(=O)C(=O)c1ccccc1,0.78
7,CC(NCCC)C(=O)C(=Cc1ccccc1)c1ccccc1,0.779
1,COc1ccccc1C(=O)C(=O)c1ccccc1,0.777
3,CC(NCNC(=O)C(=O)Cc1ccccc1)c1ccccc1,0.776
2,COc1ccccc1C(=O)C(=O)Cc1ccccc1,0.776
3,CC(=NNc1ccccc1)c1ccccc1,0.776
3,CC(C)CCNC(=O)C(=O)c1ccccc1,0.776
10,CCCCC(=O)C(C)C(=O)C(=O)Nc1ccccc1,0.774
1,CCNCNC(=O)C(Cc1ccccc1)c1ccccc1,0.774
7,CCCOC(=O)C(C)C(=N)Cc1ccccc1,0.774
4,CNCOC(=O)Nc1ccccc1C(=O)C(C),0.774
8,CCOC(=O)C(Sc1ccccc1)c1ccccc1,0.774
1,CCCCCNC(=O)C(=Nc1ccccc1)c1ccccc1,0.774
6,CCCCCNCCC(=O)C(Cc1ccccc1)c1ccccc1,0.773
3,CCc1ccccc1C(=O)C(=O)c1ccccc1,0.773
4,COC(=O)C(Cc1ccccc1)C(=O)Cc1ccccc1,0.773
4,CCCCCNC(=O)C(=O)Nc1ccccc1,0.773
4,COC(=O)CC(=O)C(Cc1ccccc1)c1ccccc1,0.773
6,CNCCCCCC(=O)C(CCc1ccccc1)c1ccccc1,0.773
2,CC(=O)C(Cc1ccccc1)C(=O)c1ccccc1,0.773
3,CC(C)C(O)C(=O)c1ccccc1C(=O),0.772
4,CCCCCC(=O)C(=S)Nc1ccccc1,0.772
2,CCC(=O)C(C(=O)c1ccccc1)c1ccccc1,0.771
5,COC(=CC(=O)Cc1ccccc1)c1ccccc1,0.771
1,CC(=O)C(CC(=O)c1ccccc1)C(=O)c1ccccc1,0.771
3,CC(CC(=O)C(=O)c1ccccc1)c1ccccc1,0.771
1,CC(C)CNC(=O)C(=O)c1ccccc1,0.77
3,CCCCCCNC(=O)C(=O)Nc1ccccc1,0.77
8,CN(C)CCNCc1ccccc1C(=O)Cc1ccccc1,0.77
1,CCCNCC(=O)C(=S)NC(=O)c1ccccc1,0.77
5,CC(=O)C(C#C)C(=Cc1ccccc1)c1ccccc1,0.769
6,CNCCCC(=Cc1ccccc1)c1ccccc1,0.769
4,CC(CNCC)C(=O)c1ccccc1C(=O)C(=O)c1ccccc1,0.769
1,CNC(=O)Nc1ccccc1C(=O)C(=O)Nc1ccccc1,0.768
2,CCCCNC(=O)C(=O)Nc1ccccc1,0.768
3,CC(C)CC(=O)c1ccccc1C(=O)C(=O)c1ccccc1,0.768
1,CCCNC(=O)c1ccccc1C(=O)CCN=Cc1ccccc1,0.768
1,CCNCCNCC(=O)Nc1ccccc1,0.768
3,CC(F)CC(Nc1ccccc1)c1ccccc1,0.767
2,CCNCCCCCN=C1C(=O)C(=O)c2ccccc2C1=O,0.767
2,CC(C=CC(=O)C(=O)Cc1ccccc1)c1ccccc1,0.767
2,CCCNCCC(=O)C(=Nc1ccccc1)c1ccccc1,0.766
9,CCNCCC(=O)CC(=Nc1ccccc1)c1ccccc1,0.766
9,CNCCCCC(=O)C(=Nc1ccccc1)c1ccccc1,0.766
2,CC(SO)(Cc1ccccc1)c1ccccc1,0.765
3,Cc1ccccc1C(=O)C(=O)c1ccccc1,0.765
4,CC(C)C(=Cc1ccccc1)Nc1ccccc1,0.764
5,CN=C(CC(=O)c1ccccc1)c1ccccc1,0.764
10,CCCCCC(=O)C(=O)Nc1ccccc1,0.763
1,CCC(C=CCCNC(=O)c1ccccc1)c1ccccc1,0.762
6,CCC(=CCCNC(=O)C(C)C)C(=O)Cc1ccccc1,0.762
3,CC(CN=CC(=O)c1ccccc1)c1ccccc1,0.761
1,CC(C=CC(N)=Cc1ccccc1)c1ccccc1,0.761
10,CCC(=Cc1ccccc1)Nc1ccccc1,0.761
9,CC(=O)C(C)C(=O)OC(=O)Cc1ccccc1,0.76
3,CCOCC(=O)C(=Cc1ccccc1)c1ccccc1,0.76
3,CCCCCCCNC(=O)C(=O)Nc1ccccc1,0.76
8,COCCC(=O)C(=Cc1ccccc1)c1ccccc1,0.76
1,CC=CC(=O)C(CC(=O)c1ccccc1)c1ccccc1,0.76
2,CCC(CC(=O)C(=O)c1ccccc1)c1ccccc1,0.759
1,CC(CCC(=O)C(=O)c1ccccc1)c1ccccc1,0.759
7,CC(CCCNCC(=O)c1ccccc1)c1ccccc1,0.759
1,CN(C)CNC(=S)Nc1ccccc1,0.758
9,CC(C)C(=CCc1ccccc1)c1ccccc1CCNC(=O)C(O)C(=O)O,0.758
8,CNCCCCC(=O)Nc1ccccc1C(=O)c1ccccc1,0.757
8,CCNCCCCNCC(=O)C(Cc1ccccc1)c1ccccc1,0.757
9,CCCCCCC(=O)C(=O)Nc1ccccc1,0.756
3,CCNCCNC(=O)C(Sc1ccccc1)c1ccccc1,0.756
5,CC(CCNCCC#N)C(=O)c1ccccc1,0.754
8,C=CC(=O)C(=Cc1ccccc1)c1ccccc1,0.754
5,CCNCCCC(=O)NC(=Cc1ccccc1)c1ccccc1,0.754
4,CNCCCNC(=S)C(Cc1ccccc1)c1ccccc1,0.753
6,CC(C)CC(=O)Cc1ccccc1C(=O)C(=O)c1ccccc1,0.753
3,CCC(=O)C(=Cc1ccccc1)c1ccccc1,0.752
3,CCCNC(=O)CNC(=O)c1ccccc1C(=O)CCC(=O)Cc1ccccc1,0.751
2,CC(=O)C(C(C)=O)C(=O)c1c(C)cccc1,0.751
1,COC(C=C(C)C)C(=O)C(=O)Cc1ccccc1,0.75
9,CCNCCC(=O)C(=O)C(Cc1ccccc1)c1ccccc1,0.75
1,CC(CCN=CC(=O)c1ccccc1)c1ccccc1,0.749
5,CC(F)CC(C=Cc1ccccc1)Nc1ccccc1,0.749
2,CCCNC(=O)c1c(CC=CCO)cccc1N=Cc1ccccc1,0.749
2,CC(=O)C(=Cc1ccccc1)c1ccccc1,0.749
3,CCNCNC(=O)C(C#N)c1ccccc1,0.749
10,CCOCCCCC(=O)C(=O)Nc1ccccc1,0.748
5,CC(=O)NNC(Nc1ccccc1)c1ccccc1,0.748
1,CCCCNC(=C)C(=O)Nc1ccccc1,0.748
7,CC(=Cc1ccccc1)c1ccccc1C(=O),0.746
4,CC(C)CC(=O)CNC(O)C(=O)c1ccccc1,0.746
3,CCCCCCCCNC(=O)C(=O)Nc1ccccc1,0.746
2,CCCCCCCC(=O)C(=O)Nc1ccccc1,0.745
1,CC(COC)=CCCCCNC(=O)Nc1ccccc1,0.744
10,CCC(=C)C(=O)C(=Cc1ccccc1)c1ccccc1,0.742
4,CCC(OCCCNC(=O)O)C(=O)c1ccccc1,0.741
3,CCCCCNC(=O)C(=Cc1ccccc1)Nc1ccccc1,0.741
5,CC(C)CC(=O)C(=Cc1ccccc1)c1ccccc1,0.74
2,CC(C)CC(=Cc1ccccc1)Nc1ccccc1,0.74
2,CCNCCCC(=O)C(=O)Nc1ccccc1,0.739
2,C(=CC(=O)c1ccccc1)c1ccccc1,0.739
9,COCCCCCCC(=O)C(=O)Nc1ccccc1,0.735
5,CCCCC(=O)C(Sc1ccccc1)Nc1ccccc1,0.735
1,C=CC(=O)c1ccccc1C(=O)CCC(=O)Cc1ccccc1,0.735
5,CCCCNCNC(=O)C(Cc1ccccc1)c1ccccc1,0.735
2,CCCCCCOCC(=O)C(=O)Nc1ccccc1,0.735
1,CCOC(=O)CCC(=O)c1ccccc1,0.733
5,COCCCCC(=O)C(=Cc1ccccc1)Nc1ccccc1,0.732
3,CCNCCNC(=S)C(=O)Nc1ccccc1,0.73
4,CCC(=C=Cc1ccccc1)Nc1ccccc1,0.73
2,CN(C)CCNC(=O)C(=C(O)c1ccccc1)O,0.729
1,CCCCCCCCCNC(=O)C(=O)Nc1ccccc1,0.728
5,CCCCCCCCC(=O)C(=O)Nc1ccccc1,0.728
4,CC(CCCCC#N)C(=O)c1ccccc1,0.726
8,CNCCCCCCC(=O)C(=S)Nc1ccccc1,0.726
5,CNCCCNC(=S)NC(=O)c1ccccc1,0.726
5,C=CCNCCCCCC(=O)NC(=O)c1ccccc1,0.725
3,CCC(CCNCCNC(=S)c1ccccc1)c1ccccc1,0.725
2,CCOCCCCNC(=O)C(=S)N(Cc1ccccc1)c1ccccc1,0.725
8,CCCNCCCC(=O)Cc1ccccc1C(=O)c1ccccc1,0.724
5,CCCC(=O)C(Cc1ccccc1)c1ccccc1,0.722
3,C#CCCCCNCC(=O)C(Cc1ccccc1)c1ccccc1,0.721
10,CCCOCCCCCC(=O)C(=S)Nc1ccccc1,0.716
5,CCNCCNC(=S)Nc1ccccc1,0.716
1,CCOC(=O)c1ccccc1NC(=O)C(=O)c1ccccc1,0.716
1,CC(=O)Nc1ccccc1C(=O)C(=O)C(=O)c1ccccc1,0.715
8,CCCCCCCCC(=O)C(=S)Nc1ccccc1,0.715
7,CCCCC(=O)C(c1ccccc1)c1ccccc1,0.715
10,CCc1ccccc1C(=O)C(=O)C(=O)Nc1ccccc1,0.714
6,CCNCCCCCC(=O)C(=O)Cc1ccccc1,0.714
5,COC(=Cc1ccccc1)NC(=O)C(=O)c1ccccc1,0.714
1,CCNC(=O)C(=Nc1ccccc1)C(=O)c1ccccc1,0.714
5,CCCCOCCC(=O)NCC(=O)C(Cc1ccccc1)Nc1ccccc1,0.714
4,CCN(CCCCNC(=O)C(=O)Cc1ccccc1)C(=O)c1ccccc1,0.714
9,CC(=O)C(C)C(=Cc1ccccc1)c1ccccc1,0.713
8,C(=Cc1ccccc1)c1ccccc1C(=O)C(=O)O,0.712
10,CCCCCCCC(=O)C(=O)NCC(=O)Nc1ccccc1,0.711
1,CSCNC(=O)C(=Cc1ccccc1)c1ccccc1,0.711
7,COC(=Cc1ccccc1)Nc1ccccc1C(=O)c1ccccc1,0.709
2,CCCCCCNCCC(=O)C(=O)Nc1ccccc1,0.707
9,CCCNCCCCCC(=O)C(=O)Nc1ccccc1,0.707
1,CC(C)=Cc1ccccc1C(=O)c1ccccc1,0.707
2,CCNC(=Cc1ccccc1)c1ccccc1C(=O)c1ccccc1,0.706
6,Cc1ccccc1Nc1ccccc1C(=O)C(=O),0.704
7,CCC(=O)Nc1ccccc1C(=O)C(=O)C=Cc1ccccc1,0.703
2,CCCNC(=O)C(=O)C(=Cc1ccccc1)c1ccccc1,0.703
2,CCCCCCOCCCC(=O)C(=O)NC(=O)c1ccccc1,0.702
7,CC(C)C(CCOC)=Cc1ccccc1NC(=O)C(=O)Nc1ccccc1,0.702
2,CC(N)Cc1ccccc1C(=O)C(=O)C(=O)c1ccccc1,0.702
2,CNC(=O)Nc1ccccc1C(=O)C(=O)C(=O)c1ccccc1,0.702
5,COCCNC(=O)C(=Cc1ccccc1)c1ccccc1,0.701
2,CCOC(=O)Nc1ccccc1C(=O)C(=O)C(=O)c1ccccc1,0.701
9,CC(S)C(=O)C(=Cc1ccccc1)c1ccccc1,0.701
4,CC(=COCNC(=O)Cc1ccccc1)c1ccccc1,0.7
4,CSCCNC(=O)C(=Cc1ccccc1)c1ccccc1,0.7
2,CCNC(=O)C(=Sc1ccccc1)c1ccccc1,0.7
10,CCOCCCCCCCC(=O)C(=O)Nc1ccccc1,0.7
9,CCCCCNCC(=O)C(=O)C(Cc1ccccc1)c1ccccc1,0.699
6,CCCCOCCC(=O)C(=Cc1ccccc1)Nc1ccccc1,0.699
6,CC(=NO)CC(=O)C(Cc1ccccc1)c1ccccc1,0.698
2,CNCNC(=O)C(=Cc1ccccc1)c1ccccc1,0.697
4,CC(=O)Nc1ccccc1C(=O)c1ccccc1C(=O)c1ccccc1,0.697
3,CC(NC(=S)CC)C(C)C(=O)C(=O)c1ccccc1,0.695
7,CC(=CNCCNCNC(=O)Cc1ccccc1)c1ccccc1,0.694
7,COCCCCNC(=O)C(=S)OC(=O)c1ccccc1,0.694
2,CSCCCCOC(=O)C(=O)NC(=O)c1ccccc1,0.693
5,C=CCCCCCNC(=O)C(Cc1ccccc1)c1ccccc1,0.693
3,COCCCCCCCCCNC(=O)C(=O)Nc1ccccc1,0.69
3,COC(=O)c1ccccc1C(=O)C(=O)c1ccccc1,0.69
5,CCCCCCCCCCNC(=O)C(=S)Nc1ccccc1,0.69
1,CCNCNC(=O)c1ccccc1C(=O)c1ccccc1,0.69
1,CNCc1ccccc1C(=O)CC(=O)C(=O)c1ccccc1,0.689
3,CNCCNC(=O)C(=Cc1ccccc1)c1ccccc1,0.689
7,CC(C)CCC(=O)NCC(=O)c1ccccc1C(=O)Cc1ccccc1,0.689
5,CCNCCCC(=O)C(O)C(=O)Nc1ccccc1,0.688
3,COCCCNC(=O)C(=Cc1ccccc1)c1ccccc1,0.688
6,CCOCCNC(=O)C(=Cc1ccccc1)c1ccccc1,0.688
5,CC(C)NCCCCCNC(=S)NCc1ccccc1,0.688
7,CC(C)CCC(=O)C(Cc1ccccc1)c1ccccc1,0.687
3,CCCCNC(=O)C(=Cc1ccccc1)c1ccccc1,0.686
5,COC(=O)Cc1ccccc1C(=O)C(=O)c1ccccc1,0.686
5,CCCCNCCCCNC(=S)Nc1ccccc1,0.686
3,CCCCOC(=O)C(=O)Nc1ccccc1,0.686
7,CCNCCCCC(=O)CNC(=Cc1ccccc1)c1ccccc1,0.685
5,COCCNCCC(=O)C(O)C(Sc1ccccc1)c1ccccc1,0.684
2,CCNCCC(=O)C(=Cc1ccccc1)c1ccccc1,0.682
9,CNCCCC(=O)C(=Cc1ccccc1)c1ccccc1,0.682
2,CCOC(=O)Nc1ccccc1C(=O)CC(=O)C(=O)c1ccccc1,0.682
4,CCCNCC(=O)C(=Cc1ccccc1)c1ccccc1,0.682
1,C=CC(=O)c1ccccc1C(=O)C(=O)c1ccccc1,0.681
4,CCOCCCCCCCCC(=O)C(=O)Nc1ccccc1,0.679
4,CC(=CNCCNC(=O)C(=O)c1ccccc1)c1ccccc1,0.679
1,C=CCCCCNC(=O)C(=S)Nc1ccccc1,0.679
1,CCOC(=O)C(=Cc1ccccc1)c1ccccc1,0.679
9,COCCCCCCCCCC(=O)C(=O)Nc1ccccc1,0.679
3,CCNCNC(=O)C(Sc1ccccc1)c1ccccc1,0.678
6,CC(C)CC(=O)C(Sc1ccccc1)c1ccccc1,0.678
5,CCNCCNC(=O)C(=Cc1ccccc1)c1ccccc1,0.678
9,CC(=O)CC(=O)C(=Cc1ccccc1)c1ccccc1,0.677
1,CC(C=CC(=O)C(=O)c1ccccc1)c1ccccc1,0.677
3,CC(C)C(=Nc1ccccc1)c1ccccc1,0.677
2,COC(=O)C(=Cc1ccccc1)c1ccccc1,0.676
1,CCCCCCCCCNC(=O)C=CCc1ccccc1,0.676
4,CC(C)CNC(=O)C(=S)Nc1ccccc1C(=O)C(=O)c1ccccc1,0.675
2,CCOC(=O)C(Cc1ccccc1)C(=O)c1ccccc1,0.675
8,CCCCCCC(=O)COc1ccccc1C(=O)c1ccccc1,0.675
4,CCNCNC(=S)C(Cc1ccccc1)c1ccccc1,0.675
1,CNNCC(=O)C(C(=O)c1ccccc1)c1ccccc1,0.674
3,COC(=CC(=O)c1ccccc1)c1ccccc1,0.674
4,CCCOC(=O)C(=Cc1ccccc1)c1ccccc1,0.673
3,CCCCNC(=O)Cc1ccccc1C(=O)C(=O)c1ccccc1,0.673
2,CCCCCCCCNCCC(=O)C(=O)Nc1ccccc1,0.671
8,CNCCCCCCCCCC(=O)C(=O)Nc1ccccc1,0.671
2,CCOCOC(=O)C(c1ccccc1)c1ccccc1,0.671
4,C=CCCCCNC(=O)C(=O)Nc1ccccc1,0.671
3,CCOCCCNC(=O)C(=Cc1ccccc1)c1ccccc1,0.67
1,CCCCNC(=O)c1ccccc1C(=O)CC(=O)c1ccccc1,0.67
5,CCNCNC(=S)C(C#N)Cc1ccccc1,0.67
2,COCCCCNC(=O)C(=Cc1ccccc1)c1ccccc1,0.67
6,COC(=COC(=O)C(C)C)c1ccccc1C(=O)c1ccccc1,0.67
2,CCCCNCCCNC(=S)N1C(=O)c2ccccc2C1=O,0.67
7,CC(=C(C)C)C(=NO)Cc1ccccc1,0.669
2,CCCNC(=O)C(=O)C(=O)c1ccccc1,0.669
3,CCCCCCCCNC(=O)C(CC(=O)C(N)=O)c1ccccc1,0.669
9,CCCCC=CCC(=O)C(=O)Nc1ccccc1,0.668
2,CCCCNC(=O)C(=O)c1ccccc1,0.667
3,CCCCCNC(=O)C(=Cc1ccccc1)c1ccccc1,0.667
6,C=CCC(=O)NCC(=O)C(=O)c1ccccc1,0.667
1,CCCCCNC(=O)C(=O)c1ccccc1,0.667
2,CCOCNC=C(C)C(=O)Nc1ccccc1,0.665
4,COCCCCCCCCNC(=O)C(C#N)C(=O)Nc1ccccc1,0.665
1,CNC(=O)CC(=O)c1ccccc1C(=O),0.665
1,C=CCCCCCNC(=O)C(=O)Nc1ccccc1,0.665
10,CNCCCCC(=O)C(=Cc1ccccc1)c1ccccc1,0.664
10,CCC(=O)C(C)C(=O)C(=Cc1ccccc1)c1ccccc1,0.664
9,CCC(=O)c1ccccc1C(=O)C(=O)C(=O)Cc1ccccc1,0.664
4,CCCNCCC(=O)C(=Cc1ccccc1)c1ccccc1,0.664
6,CCNCCCC(=O)C(=Cc1ccccc1)c1ccccc1,0.664
4,CC(C)CC(=S)c1ccccc1C(=O)C(=O)c1ccccc1,0.663
3,CCNC(=S)Nc1ccccc1C(=O)C(=O)Nc1ccccc1,0.663
1,CCCCCCNC(=O)C(=O)c1ccccc1,0.663
1,CCC(NCCNC(=O)C(=O)c1ccccc1)c1ccccc1,0.663
3,CCNCNC(=O)C(CC(=O)c1ccccc1)c1ccccc1,0.663
9,CCCCCNCC(=O)C(Cc1ccccc1)c1ccccc1,0.662
7,CCNCCCCC(=O)C(Cc1ccccc1)c1ccccc1,0.662
10,CNCCCCNC(=O)C(=Cc1ccccc1)c1ccccc1,0.662
1,CCNCCCNC(=O)C(=Cc1ccccc1)c1ccccc1,0.662
2,CCCCNC(=O)C(Cc1ccccc1)C(=O),0.661
2,CCNCNCc1ccc(C(=O)Cc2ccccc2)cc1,0.661
3,CNCCNC(=O)C(C(C)C)C(=O)c1ccccc1,0.661
8,CC(C)CNCCC(=O)C(=Cc1ccccc1)c1ccccc1,0.661
3,CC(C)CC(=O)c1ccccc1C(=O)C(=O)C(=O)c1ccccc1,0.661
2,COCCCNC(=O)C(=O)c1ccccc1,0.66
4,CCC(=N)CC(=O)C(Nc1ccccc1)C(=O)c1ccccc1,0.66
6,CC(C)NC(=S)Nc1ccccc1C(=O)C(=O)Nc1ccccc1,0.66
2,CN(C)CC(=O)c1ccccc1C(=O)C(=O)C(=O)c1ccccc1,0.66
2,CCNC(=O)CC(=O)c1ccccc1C(=O)CCC(=O),0.66
4,CNCNCCC(=O)Nc1ccccc1C(=O)Nc1ccccc1,0.659
2,C=CC(=O)c1ccccc1C(=O)C(=O)C=C(C),0.659
9,CCCCCCCCCC(=O)C(=O)Cc1ccccc1,0.658
7,CC(=CNCc1ccccc1)c1ccccc1C(=O)Nc1ccccc1,0.658
3,CNCCCCC(=O)C(c1ccccc1)C(=O)c1ccccc1,0.656
2,CCCCCCCNC(=O)C(=O)c1ccccc1,0.655
6,CC(SCNCC)CC(=O)C(=O)Nc1ccccc1,0.655
1,CCCCNC(=CC(=O)C(=O)Cc1ccccc1)c1ccccc1,0.654
9,COCCCCCCCCCCC(=O)C(=O)Nc1ccccc1,0.654
5,CCCCOCCCNCCCC(=O)C(=O)Nc1ccccc1,0.653
8,CCCCCC(=O)C(c1ccccc1)c1ccccc1,0.653
2,CCNCC(=O)C(=O)C(=O)c1ccccc1,0.653
3,CCNCCCC(=O)C(=O)c1ccccc1,0.652
2,CCCNCCC(=O)C(=O)c1ccccc1,0.652
3,CCNCCCCCSC(=O)C(=O)c1ccccc1,0.65
3,COCCCCC(=O)C(Cc1ccccc1)c1ccccc1,0.649
2,CNCCCCCCNCC(=O)C(=O)Nc1ccccc1,0.649
4,CCOCCCCNC(=O)C(=Cc1ccccc1)c1ccccc1,0.649
4,CCCCNCCC(=O)C(=O)c1ccccc1,0.648
4,CC(=Cc1ccccc1)Nc1ccccc1C(=O)c1ccccc1,0.648
8,CNCCCCCC(=O)C(=O)c1ccccc1,0.648
9,CCNCCCCC(=O)C(=O)c1ccccc1,0.648
9,CNCCCCCCCCCC(=O)NC(=O)C(=O)Nc1ccccc1,0.647
8,C(=S)C(Cc1ccccc1)c1ccccc1,0.647
2,CC(OC)C(=O)CC(=O)C(=O)c1ccccc1,0.647
4,C#CCCCNCNC(=O)C(Cc1ccccc1)c1ccccc1,0.646
3,CCC(CCNCNC(=O)c1ccccc1)C(=O)c1ccccc1,0.646
7,CNCCCCCc1ccccc1NC(=O)C(=O)c1ccccc1,0.645
4,CCNCCCNC(=O)C(Cc1ccccc1)C(=O)NCc1ccccc1,0.645
2,CCCCCCCCNC(=O)C(=O)c1ccccc1,0.645
1,CCCCC(=O)C(=O)C(C(=O)c1ccccc1)c1ccccc1,0.645
3,CCNCCCNC(=O)C(=O)c1ccccc1,0.644
10,CNCCCCCNC(=O)C(=Cc1ccccc1)c1ccccc1,0.644
4,CCNCCCCNC(=O)C(=Cc1ccccc1)c1ccccc1,0.644
9,CNCCCCC(=O)C(=O)C(=O)Nc1ccccc1,0.643
6,CCCCCCNC(=O)C(=Cc1ccccc1)c1ccccc1,0.643
3,CCNCCNC(=O)C(=O)c1ccccc1,0.643
3,CCCNC(=S)NC(=O)C(O)C(=O)c1ccccc1,0.643
8,CC(=Cc1ccccc1)c1ccccc1C(=O)Nc1ccccc1,0.643
2,CNCCCNC(=O)C(=O)c1ccccc1,0.643
7,CCCCCNCC(=O)C(=Cc1ccccc1)c1ccccc1,0.642
5,CNCCCCCC(=O)C(=Cc1ccccc1)c1ccccc1,0.642
5,CCNCCCCC(=O)C(=Cc1ccccc1)c1ccccc1,0.642
5,CCCNCCCC(=O)C(=Cc1ccccc1)c1ccccc1,0.642
6,CCCCNCCC(=O)C(=Cc1ccccc1)c1ccccc1,0.642
1,CCC(CCCNC(=O)C(=O)c1ccccc1)NC(=O)c1ccccc1,0.64
2,CCNCCCCNC(=O)C(=O)c1ccccc1,0.64
3,CCCNCCCCC(=O)C(=O)c1ccccc1,0.64
5,CCN(CCNCCNCCCCCO)C(=O)Nc1ccccc1,0.64
6,CC(CCCNCCNCCNCC(=O)Cc1ccccc1)c1ccccc1,0.64
3,CCCNC(=O)c1ccccc1C(Cc1ccccc1)c1ccccc1,0.639
1,CC(C)CC(=Cc1ccccc1)N1CCCCC1c1ccccc1,0.637
1,CCNC(=S)C(C)C(C)C(C#N)C(=O)O,0.637
6,CCOCCCNCC(=O)C(=Cc1ccccc1)c1ccccc1,0.637
8,CCCCNCCCCCNC(=O)NCC(=O)c1ccccc1,0.637
4,COCCCNCCC(=O)C(=O)c1ccccc1,0.636
1,CCCCCCCCCNCCNC(=O)C(=O)Nc1ccccc1,0.635
3,CCCCCC(=O)C(=O)c1ccccc1,0.634
6,COCCCCCCNC(=O)C(Cc1ccccc1)c1ccccc1,0.633
6,CCCNCCNCCNCCCC(=O)N(Cc1ccccc1)c1ccccc1,0.633
9,CC(=N)C#Cc1ccccc1C(=O)C(=O)c1ccccc1,0.633
2,CCNCCOCCOCCNC(=O)C(=O)Nc1ccccc1,0.633
1,COCN(CCN=CCOC(=O)c1ccccc1)c1ccccc1,0.633
6,CC(CCC)CCCCC(=O)Nc1cccc(CC)c1,0.632
5,CCNCCNCCCC(=O)C(=Cc1ccccc1)Nc1ccccc1,0.632
1,CCCCCCCCCNC(=O)C(=O)c1ccccc1,0.631
5,CCCCCNCCCNCCNC(=O)C(Cc1ccccc1)c1ccccc1,0.631
8,CCNCCNCCC(=O)C(=Cc1ccccc1)c1ccccc1,0.63
7,COCCCCC(=O)c1ccccc1C(=O)C(=O)c1ccccc1,0.63
7,CC(=O)Cc1ccccc1Nc1ccccc1C(=O)Cc1ccccc1,0.63
5,CCCCCCC(=O)C(=NNc1ccccc1)c1ccccc1,0.63
9,CCCCCCCCCC(=O)OC(=O)Nc1ccccc1,0.63
9,CNCCCNCCC(=O)C(=Cc1ccccc1)c1ccccc1,0.63
4,CCNCCCCCCC(=O)C(=O)c1ccccc1,0.63
4,CC(CC(=O)c1ccccc1)Nc1ccccc1C(=O)c1ccccc1,0.63
3,CCCCCCC(=O)C(=O)c1ccccc1,0.629
2,C(=S)CCC(=O)C(=O)C(=O)C(Cc1ccccc1)c1ccccc1,0.629
5,CC(NCCNCNC(=O)Cc1ccccc1)Nc1ccccc1,0.629
2,CCNCNC(=S)Nc1ccccc1,0.629
2,CC(CCCNCCNC(=O)C(=O)c1ccccc1)c1ccccc1,0.628
4,CC(CCNCNCCNC(=O)Nc1ccccc1)c1ccccc1,0.628
2,CN(CCNCCCNC(=O)C(=O)c1ccccc1)c1ccccc1,0.627
4,COCCCNC(=O)C(=O)c1ccccc1C(=O)C(=O)c2ccccc2O,0.627
5,CCCCCCCC(=O)C(O)C(=O)C(=O)Nc1ccccc1,0.627
6,CCCCCCCCNC(=O)C(=O)C(=O)Nc1ccccc1,0.627
4,CCCCCC(=O)C(Cc1ccccc1)c1ccccc1,0.627
2,CCN(CCNCCNC(=O)C(=O)c1ccccc1)c1ccccc1,0.627
1,CCNCCNCC(=O)C(=O)c1ccccc1,0.625
10,CCC(C)CC(=O)C(Sc1ccccc1)Cc1ccccc1,0.625
1,CC(CC(C)=NNc1ccccc1)c1ccccc1,0.625
3,CC(=CCCNCCCNC(=O)C(=O)c1ccccc1)c1ccccc1,0.624
2,CCNCCCCCCNC(=O)C(=O)c1ccccc1,0.624
1,CCCCNCCCCNC(=O)C(=O)c1ccccc1,0.624
6,CCCNCCCCNC(=O)C(=Cc1ccccc1)c1ccccc1,0.622
3,CCCCCCCC(=O)C(=O)c1ccccc1,0.622
6,CCCCCCCCC(=O)C(=O)C(=O)NCc1ccccc1,0.621
8,CCNCc1ccccc1C(=Cc1ccccc1)c1ccccc1,0.621
2,CCCCCCCC(=O)C(=O)Cc1ccccc1C(=O)CN,0.621
4,CCCCCC=CC(=O)C(=O)N(c1ccccc1)c1ccccc1,0.621
1,CCOCCCCCCCNC(=O)C(=O)c1ccccc1,0.621
1,CCCCCCOCCCNC(=O)C(=O)c1ccccc1,0.621
5,CCCCNCCNCCCCC(=O)C(=O)Nc1ccccc1,0.62
9,CNCCCCCCCNCCC(=O)C(=O)Nc1ccccc1,0.62
1,CC=CCCCCCNC(=O)C(=O)C(O)(c1ccccc1)c1ccccc1,0.618
4,CCOCCCCCNCC(=O)C(=O)c1ccccc1,0.618
3,CCCNCCCC(=O)C(Cc1ccccc1)C(=O)c1ccccc1,0.617
7,CCCCCNCCC(=O)C(=Cc1ccccc1)c1ccccc1,0.616
5,CNCCCCCCC(=O)C(=Cc1ccccc1)c1ccccc1,0.616
7,CCNCCCCCC(=O)C(=Cc1ccccc1)c1ccccc1,0.616
6,CCCCCCCCCCNCCC(=O)C(=O)Cc1ccccc1,0.616
10,CCCCNCCCC(=O)C(=Cc1ccccc1)c1ccccc1,0.616
3,CCCNCCCCC(=O)C(=Cc1ccccc1)c1ccccc1,0.616
9,CCOCCCNCCC(=O)C(=Cc1ccccc1)c1ccccc1,0.615
9,CCCCCCCCCNCCCNC(=O)C(=O)Nc1ccccc1,0.615
2,COCCCNCCCC(=O)C(=Cc1ccccc1)c1ccccc1,0.615
4,CCNCCCCCCCCCCNC(=O)C(=O)Nc1ccccc1,0.615
3,CCCCCCCCCCNC(=O)C(=O)c1ccccc1,0.615
3,CCNCCCNC(=N)C(Cc1ccccc1)c1ccccc1,0.614
1,CCC(=O)C(=O)c1ccccc1C(=O)CCC(=O)Nc1ccccc1,0.614
1,CCC(=Cc1ccccc1)c1ccccc1C(=N),0.613
7,CC(=CCCCCC(=O)Cc1ccccc1)c1ccccc1,0.613
4,CCCCCOCC(=O)C(Cc1ccccc1)c1ccccc1,0.613
6,CCOCCCCC(=O)C(Cc1ccccc1)c1ccccc1,0.613
10,CC(NCCCN)CNC(=O)C(=Cc1ccccc1)c1ccccc1,0.612
8,COCCCCCCCCCC(=O)CCC(=O)C(=O)Nc1ccccc1,0.611
10,CNCCNCCCCC(=O)C(=Cc1ccccc1)c1ccccc1,0.611
4,CNCCCCCCCNC(=O)C(C#N)C(=O)c1ccccc1,0.611
2,CCCCNCCCCCCOC(=O)C(=O)Nc1ccccc1,0.611
3,COCCCCCCNC(=O)c1ccccc1C(=O)C(=O)c1ccccc1,0.611
1,CCCOCCNC=C(CCC(=O)Nc1ccccc1)c1ccccc1,0.611
2,CCCCCCCCC(=O)C(=O)c1ccccc1,0.61
4,CCNCNC(=O)C(=Cc1ccccc1)c1ccccc1,0.609
4,CC(CCCNCCCNC(=O)C(=O)c1ccccc1)c1ccccc1,0.609
5,CCCCCCCCCNC(=O)C(=O)NNC(=O)c1ccccc1,0.608
2,COCCCCCCCC(=O)C(=O)c1ccccc1,0.608
3,CC(=O)C(=Cc1ccccc1)c1cc(CC)ccc1,0.607
6,CC(=O)CC(=Cc1ccccc1)Nc1ccccc1C(=O)c1ccccc1,0.607
2,CCCCCNCCNCC(=O)C(=O)c1ccccc1,0.607
7,CC(C)CCCNCCCNCCCCC(=O)C(C#C)c1ccccc1,0.606
1,COC(=O)c1ccccc1C(=O)C(=O)C(=O)c1ccccc1,0.606
1,CCCOCCCCCCCNC(=O)C(=O)c1ccccc1,0.606
9,CCCNCCCNC(=O)C(=O)c1ccccc1C(=O)Cc1ccccc1,0.605
2,CCC(=O)C(=Cc1ccccc1)OCc1ccccc1,0.604
4,CC(=Nc1ccccc1)c1ccccc1C(=O)C(=O),0.604
6,CCCCCCNCCCCC(=O)C(=O)c1ccccc1,0.603
2,CNSCCC(=O)C(=Cc1ccccc1)c1ccccc1,0.603
7,CCCCCCCCNCCC(=O)C(=O)c1ccccc1,0.603
1,CCNCCNC(=S)N1C(=O)C(=O)c2ccccc2C1=O,0.603
9,CNC(C)CSC(=O)C(=Cc1ccccc1)C(=O)c1ccccc1,0.602
2,CCN(CNC(=N)C(=O)C=Cc1ccccc1)c1ccccc1,0.6
1,CCCCNC(=S)CC(=O)C(=O)c1ccccc1,0.599
2,CCC(=Cc1ccccc1)c1ccccc1C(=O)C(=O),0.598
1,CCNCNCC(O)C(=O)c1ccccc1,0.598
4,CNCNC(=S)Cc1ccccc1C(=O)C(=O)c1ccccc1,0.598
1,CCCCCCCCNCCNC(=O)C(=O)c1ccccc1,0.598
4,COCOCCNC(=O)C(=Cc1ccccc1)c1ccccc1,0.597
4,CCCCNC(=N)Cc1ccccc1C(=O)c1ccccc1,0.597
6,CCCCOC(=O)C(O)C(=O)c1ccccc1,0.597
6,CCOC(=O)CC(=O)C(=Cc1ccccc1)c1ccccc1,0.597
3,CCCCCCCCNCNC(=O)C(=O)Nc1ccccc1,0.597
1,COc1ccccc1C=C(Cc1ccccc1)c1ccccc1,0.597
5,CCCCCCCNCCC(=O)C(=O)C(=O)Nc1ccccc1,0.597
10,COCCCCCCCCCCCCC(=O)C(=O)Nc1ccccc1,0.597
1,CCN(C=Cc1ccccc1)c1ccccc1C(=O)c1ccccc1,0.595
2,CCOCNC(=O)CC(=O)c1ccccc1C(=O)c1ccccc1,0.595
9,CCCCCCCC(=O)C(Nc1ccccc1)c1ccccc1,0.595
9,CCCCCCCCCC(=O)C(=O)c1ccccc1,0.595
9,CCCCCCCCCOCCOCCC(=O)C(=O)Nc1ccccc1,0.595
10,CC(C)CCCC(=O)C(Sc1ccccc1)c1ccccc1,0.594
8,CC#CC(=O)C(=Cc1ccccc1)c1ccccc1,0.594
9,CCCCCCC(=O)NNCC(=O)C(=O)Nc1ccccc1,0.594
5,CCCC(=O)C(=Cc1ccccc1)c1ccccc1,0.592
4,CCCOCCCCCNCCCCCC(=O)C(=O)Nc1ccccc1,0.592
2,CC(CCCCNC(=S)Nc1ccccc1)c1ccccc1,0.591
7,CC(=CNCCNCCNCNC(=O)Cc1ccccc1)c1ccccc1,0.59
1,CCCNC=CC(=O)C(=O)c1ccccc1,0.59
6,CCCCCCCCNCCCCCC(=O)C(=O)Cc1ccccc1,0.59
6,CCCCCCCCC(=O)C(=S)C(=O)Cc1ccccc1,0.59
4,CCCCCCCSCCC(=O)C(=O)c1ccccc1,0.589
9,CCCCCCCCCCNC(=O)C(=O)C(=O)Cc1ccccc1,0.589
3,CCCCCCC(=O)C(Cc1ccccc1)c1ccccc1,0.588
5,CCCNCC(=O)Nc1ccccc1C(=O)C(=O)CCC(=O)O,0.588
10,CCCCNCNC(=O)C(=Cc1ccccc1)c1ccccc1,0.587
5,CC(C)CNCCNCCNC(=O)C(=O)c1ccccc1,0.587
1,CCCCCCCCCCNCC(=O)C(=O)c1ccccc1,0.586
7,CCC(NCCNCNCC(=O)c1ccccc1)c1ccccc1,0.586
9,CCCCNCC(=O)C(=Sc1ccccc1)c1ccccc1,0.586
2,CCCCCCNC(=O)C(=O)C(=O)c1ccccc1,0.586
6,CC(C)CC(=Cc1ccccc1)C(=O)c1ccccc1,0.584
1,CCCCNCCCCCNCC(=O)C(=O)c1ccccc1,0.584
3,CCCCCCCCNCCCNC(=O)C(=O)c1ccccc1,0.583
4,CCNCCCCC(=O)C(=O)Nc1ccccc1,0.582
10,CCCNCCCC(=O)C(=O)Nc1ccccc1,0.582
4,C=CCCCCCNC(=O)C(=O)c1ccccc1,0.582
5,CCC(NCCC)CCCC(=O)C(Cc1ccccc1)c1ccccc1,0.581
1,CNCCCC(=O)C(=O)C(=O)c1ccccc1,0.581
8,CCCCCNCCCC(=O)C(Cc1ccccc1)c1ccccc1,0.58
6,CC(=CCCCC(=O)Nc1ccccc1)Sc1ccccc1,0.579
3,CCCCCCNCCNC(=O)C(=O)C(=O)Nc1ccccc1,0.579
9,CCCCCCCCCC(=O)C(=O)C=Cc1ccccc1,0.579
9,CCCCCCCCNC(=O)C(Cc1ccccc1)c1ccccc1,0.578
2,CCCCCCCNC(=O)C(=O)c1ccccc1C(=O),0.578
2,CCCCCCCNC(=O)C(=O)C(=O)c1ccccc1,0.578
8,CCCCCCCCCCCNCC(=O)Oc1ccccc1,0.578
1,CCCNCCC(=O)C(=O)C(=O)c1ccccc1,0.578
3,CCCCNCC(=O)C(=O)C(=O)c1ccccc1,0.578
1,CCCNCNC(=O)C(=O)c1ccccc1,0.577
3,CCCCCCCCCCC(=O)C(=O)c1ccccc1,0.577
4,COCCCCCCCNC(=O)CCNC(=O)C(=O)c1ccccc1,0.577
1,CCCCNCNC(=O)C(=O)c1ccccc1,0.577
6,CC(=NNCCN)C(=O)c1ccccc1,0.576
2,CCN(CCCCCN)C(=O)C(=O)C(=O)c1ccccc1,0.576
3,CCNCNCCC(=O)C(=Cc1ccccc1)c1ccccc1,0.576
3,CNCNCC(=O)C(=S)c1ccccc1,0.576
8,CCNCCCCCCC(=O)C(Nc1ccccc1)c1ccccc1,0.576
8,CC(C)=CC=CC(=O)C(Cc1ccccc1)c1ccccc1,0.574
2,CCNCNC(=O)C(=O)c1ccccc1,0.574
9,COCCCNCCCC(=O)Nc1ccccc1CCC(=O)C(=O)Nc1ccccc1,0.573
2,C=C(CCNCN)C(=O)c1ccccc1,0.573
6,CC(CC)C(C#C)C(=Nc1ccccc1)c1ccccc1,0.572
6,CCCCC(=O)C(=Cc1ccccc1)c1ccccc1,0.571
9,CCNCCCCCC(=O)C(=O)Nc1ccccc1,0.571
1,CCCNCCCCNCCCCC(=O)C(=O)c1ccccc1,0.57
10,CCCCCCC(=O)C(=O)Oc1ccccc1,0.57
8,CC(C)C(CNC#C)C(=N)Nc1ccccc1,0.57
4,CC(NCCN)NC(=C)Cc1ccccc1C(=O)C(CCCC),0.57
8,CCCCCCCCCCNCCCCCC(=O)NCc1Cccccc1,0.57
7,CC(=CCc1ccccc1)c1ccccc1C(=O)Cc1ccccc1,0.569
3,CCCCCCCCCCCC(=O)Nc1ccccc1,0.569
2,CCCCCCCCNC(=O)C(=O)C(=O)c1ccccc1,0.568
2,CCCCCCCNCCCNCC(=O)NC(=O)C(=O)Nc1ccccc1,0.568
5,CCCCNCCC(=O)Oc1ccccc1C(=O)Cc1ccccc1,0.567
3,CCCCCNCCCCCCCNC(=O)C(=O)c1ccccc1,0.567
2,CCCNCCNC(=O)C(=O)C(=O)c1ccccc1,0.567
6,CCCC(=O)C(=COC=Cc1ccccc1)c1ccccc1,0.567
6,CCCCCCCCCC(=O)C(=O)NC(=O)Oc1ccccc1,0.566
3,CNCCN(NCCCC)C(=O)C(=O)c1ccccc1,0.566
9,CC(C)CCC(=O)C(=Cc1ccccc1)c1ccccc1,0.565
2,CC=CCCCCCCCNC(=O)C(=O)c1ccccc1,0.565
9,COCNCC(=O)C(=O)C(=O)Nc1ccccc1,0.565
9,CCCCCCC(=O)C(=O)C(=O)c1ccccc1,0.565
7,CC(=S)Nc1ccccc1C(=O)c1ccccc1C(=O)c1ccccc1,0.564
1,C#CNC=CCCCC(=O)C(=O)C(Cc1ccccc1)c1ccccc1,0.564
1,COCOCCOC(=O)Cc1ccccc1C(=O)c1ccccc1,0.564
5,CCCCCOC(=O)C(Cc1ccccc1)c1ccccc1,0.563
5,CCCCC(=S)C(=Cc1ccccc1)Nc1ccccc1,0.563
5,CCNCCCNC(=O)C(=Cc1ccccc1)c1ccccc1N,0.562
9,CCNCNCCCC(=O)C(=Cc1ccccc1)c1ccccc1,0.562
3,CCCCCCCCCOC(=O)C(=O)Oc1ccccc1,0.56
1,CCCOCCNCC(=O)C(=O)C(=O)c1ccccc1,0.559
3,CC#CCCCNCCCOCCCCC(=O)C(=O)Cc1ccccc1,0.558
10,C=CCCCNCCC(=O)C(=Cc1ccccc1)c1ccccc1,0.558
10,CC(=O)Oc1ccccc1C(=O)C(=N)Nc1ccccc1,0.558
6,CCCCCCCC(=O)C(=O)C(=O)c1ccccc1,0.557
1,CCCCCCCCCC(=O)C(=O)Nc1ccccc1,0.557
4,CCCCCCCCCNC(=O)C(=O)c1ccccc1C(=O),0.556
2,CCCCCCCCOC(=O)C(=O)c1ccccc1,0.556
7,CCCCCCCCC(=O)Nc1ccccc1C(=O)C(F),0.556
2,CCCCCCCCC(=O)C(=O)Nc1c(CC)cccc1,0.556
5,CCCCCCCCCCNC(=O)C(=O)Nc1ccccc1,0.556
1,CCCCCCCCCOC(=O)C(O)C(=O)c1ccccc1,0.556
6,CCCCCCNC(=Cc1ccccc1)c1ccccc1,0.555
9,COCCCCCOC(=O)C(=Cc1ccccc1)c1ccccc1,0.555
8,CC(NCNCCN)C(=O)C(=O)Nc1ccccc1,0.555
10,CCCNCCC(=O)Nc1ccccc1C(=O)C(=O)C(=O)N1CCCCCC1,0.555
4,CC(O)C(=Cc1ccccc1)c1ccccc1C(=O)Cc1ccccc1,0.553
8,CCCCCCC(=O)NCc1ccccc1C(=O)Cc1ccccc1,0.553
3,CCCCCCCCCCC(=O)C(=O)C(=O)C(=O)Cc1ccccc1,0.553
10,COCc1ccccc1NC(=O)C(=Cc1ccccc1)c1ccccc1,0.553
2,CC(CNCCNC(=O)C(=O)c1ccccc1)C(=O)C(=O),0.552
4,CCCNCCNCCCCCC(=O)N(C(=O)c1ccccc1)c1ccccc1,0.552
9,CC(=S)NCC(=O)OC(=Cc1ccccc1)C(=O)c1ccccc1,0.551
2,CCOCCCCCCOC(=O)C(=O)c1ccccc1,0.55
1,CCCCCCCOCCNC(=O)C(Cc1ccccc1)c1ccccc1,0.55
6,CCCCCCCOCC(=O)C(Cc1ccccc1)Nc1ccccc1,0.549
5,CNCCCCNCCCCCCCCCNCC(=O)NC(=O)c1ccccc1,0.548
4,CCCCCCCCC(=O)C(=O)C(=O)c1ccccc1,0.548
9,CCCCCCCCCCCCNCC(=O)C(=O)c1ccccc1,0.547
4,CCCCCCCC(=O)C(Cc1ccccc1)c1ccccc1,0.547
8,CCOCCCCCC(=O)NC(=Cc1ccccc1)c1ccccc1,0.546
1,CCOSCCCCCNCC(=O)C(=O)c1ccccc1,0.545
7,CCCCCCCCCCCCNCCC(=O)C(=S)Nc1ccccc1,0.545
4,COC(=O)C(Cc1ccccc1)c1ccccc1C(=O)c1ccccc1,0.544
2,CCCCCCCCCCNC(=O)C(=O)C(=O)c1ccccc1,0.544
4,CCCNCC=C(C#CC(=O)C(=O)c1ccccc1)c1ccccc1,0.544
5,CCCCCCCCCCNC(=S)NCC(=O)C(=O)Nc1ccccc1,0.544
4,CCC=CCCNCCCCCC(=O)C(=O)c1ccccc1,0.543
6,C=CCCCCCCCCC(=O)C(=O)C(=O)Nc1ccccc1,0.542
6,COCCCCCCCCCCC(=O)C(=O)C(=O)Cc1ccccc1,0.541
4,COCCCCCCCC(=O)C(=O)C(=O)c1ccccc1,0.54
7,C(=Sc1ccccc1)c1ccccc1,0.54
10,CNCCCCNCC(=O)Nc1ccccc1C(=O)C(=O)Nc1ccccc1,0.54
6,CCCNCCCCC(=Cc1ccccc1)c1ccccc1,0.537
1,CCCCCCCCCC(=O)C(=O)C(=O)c1ccccc1,0.536
8,CCCCCCCCNCC(=O)C(Cc1ccccc1)c1ccccc1,0.536
6,CCCCCCCCCNCC(=O)C(=O)C(=O)c1ccccc1,0.534
9,CCCCCCC(=O)C(=Nc1ccccc1)c1ccccc1,0.534
2,CCCCCCOCCOCCCNCCC(=O)C(=O)c1ccccc1,0.533
3,CCCCCCCCCCCCC(=O)Nc1ccccc1,0.532
1,CCCCCCCCCCCNC(=O)C(=O)Nc1ccccc1,0.531
10,CCNCCCCCNCC(CO)C(=O)C(=Cc1ccccc1)c1ccccc1,0.531
1,CCCCCCCCCCC(=O)C(=O)Nc1ccccc1,0.531
5,CC(CCCCCCNC(=O)C(=O)Cc1ccccc1)c1ccccc1,0.531
4,CCCCCCCCCNCCNC(=O)C(=O)C(C)C(=O)Cc1ccccc1,0.531
4,CCCCCCCCCCCNC(=O)C(=O)C(=O)c1ccccc1,0.529
3,CC(C)CCCC(=O)C(=Cc1ccc(F)cc1)c1ccccc1,0.528
4,CCCCCCCCCCC(=O)C(=O)NC(=O)Cc1ccccc1,0.526
10,CCCCC(=O)C(=Cc1ccccc1)C(=O)Nc1ccccc1,0.526
1,CCCCCCCCNC(=O)C(=Nc1ccccc1)c1ccccc1,0.526
7,CCNCCCCCCCCC(=O)C(SC),0.525
1,CNCCNC=C(C#N)C(=O)c1ccccc1C(=O),0.524
8,CCOCCCCCCCC(=O)C(Nc1ccccc1)c1ccccc1,0.524
1,CC(NN)CC(=O)C(=O)Oc1ccccc1,0.523
7,CCCCCC(=O)C(Sc1ccccc1)c1ccccc1,0.523
7,CCCCCCNCNCCCCC(=O)Nc1ccccc1C(=O)Nc1ccccc1,0.522
9,COCCCCCCCCCCCCC(=O)C(=O)c1ccccc1,0.522
6,CC(=Cc1ccccc1)c1ccccc1C(=O)c1ccccc1,0.522
3,CCCNC(=Cc1ccccc1)c1ccccc1C(=O)c1ccccc1,0.522
4,CC(=Cc1ccccc1C(=O)c1ccccc1)c1ccccc1,0.522
6,CCNCCCCCCCC(=O)CC(=O)C(=O)C(=O)c1ccccc1,0.52
8,C=CCCCCC(=O)C(Cc1ccccc1)c1ccccc1,0.516
4,COCCCOC(=O)C(C)C(=O)C(=O)c1ccccc1,0.516
4,C=CCCNCCCCCCCCNC(=O)C(=O)c1ccccc1,0.516
6,COCCCCCCC(=S)NC(=O)C(=O)OC(=O)Cc1ccccc1,0.516
9,CCCCCCC(=O)C(=O)C(=O)Oc1ccccc1,0.516
5,CCNCCCCCCC(=O)Cc1ccccc1C(=O)c1ccccc1,0.515
4,CCCCCCCCCC(=O)CC(=O)C(=O)C(=O)c1ccccc1,0.515
4,CCNCNC(=O)NNC(=S)NCc1ccccc1,0.514
7,CCCCCCC(CC)NCC(=O)C(Cc1ccccc1)c1ccccc1,0.512
8,CCCCCCCCCCc1ccccc1C1Oc2ccccc2C1=O,0.512
3,CN(CCNCNCCCNC(=O)C(=O)c1ccccc1)c1ccccc1,0.511
6,CCCCCCCCC(=O)C(Cc1ccccc1)c1ccccc1,0.509
10,COCCCCCCCC(=O)NC(=Cc1ccccc1)c1ccccc1,0.509
8,C=CCCCCNCCC(=O)C(Cc1ccccc1)c1ccccc1,0.508
7,CC(=Cc1ccccc1)c1ccccc1C(=O)Cc1ccccc1,0.506
9,CC(=Cc1ccccc1C(=O)Cc1ccccc1)c1ccccc1,0.506
2,CCCCCCCCCNCCCNCCNC(=O)C(=O)c1ccccc1,0.505
1,CCCCCCCCNCCNCCCCNC(=O)C(=O)c1ccccc1,0.505
3,CNCCCCCNC(=S)NC(C)=CNC(=O)C(=O)c1ccccc1,0.504
7,CCCCCCCNCC(=Cc1ccccc1)c1ccccc1,0.503
8,COCCNCNCCNCC(=O)C(=Cc1ccccc1)c1ccccc1,0.503
9,CCOCCC(=O)C(=Cc1ccccc1)c1ccccc1,0.502
2,CCCCCCCCCCCCNC(=O)C(=O)Nc1ccccc1,0.502
7,CC(C)CC(=Cc1ccccc1)C(=Nc1ccccc1)c1ccccc1,0.502
5,CC(NCCCCCNCCC)NCCNC(=O)c1ccccc1C(=O),0.502
4,CCCCC=CCCCC(=O)C(=O)C(=O)c1ccccc1,0.501
1,CCCCCCCCCCCC(=O)C(=O)Nc1ccccc1,0.501
3,CCCCCCCC(=O)C(=Nc1ccccc1)c1ccccc1,0.5
7,CCCCCNCCCCC(=O)Nc1ccccc1NC(=O)Cc1ccccc1,0.5
4,CCCCCCCCNCCCC(=O)C(=O)Nc1ccccc1,0.5
9,CCCCCCCCC(=O)C(=O)Nc1ccccc1Cc1ccccc1,0.499
3,CCCCCCC=CCC(=O)C(=O)c1ccccc1C(=O),0.499
8,CCC(=Cc1ccccc1)c1ccccc1C(=O)c1ccccc1,0.498
4,CCCCCCNC(=O)c1ccccc1C(=O)C(=O)c1ccccc1,0.498
4,CCC(CCNCCNCCC)C(=O)C(=O)CC(=O)C(=O)c1ccccc1,0.498
4,CNCCCCCCCCCCNCCCNCC(=O)C(=O)Nc1ccccc1,0.497
5,CN(CCCCCNCCNCNCCNC(=O)Nc1ccccc1)c1ccccc1,0.497
2,CCCCCCN=C(Nc1ccccc1)c1ccccc1,0.497
5,CCNCCCCCCCCC(=O)C(Cc1ccccc1)c1ccccc1,0.495
1,CCN(CCCCNCNCCO)NC(=O)NCc1ccccc1,0.495
5,CCCCCCCNCCCC(=O)C(Cc1ccccc1)c1ccccc1,0.495
10,CCCCCCCCCC(=O)C(Cc1ccccc1)Nc1ccccc1,0.495
10,C(=Cc1ccccc1)c1ccccc1C(=O)C(=O)Nc1ccccc1,0.494
6,CCCCCCC(=O)C(=CCc1ccccc1)c1ccccc1,0.493
3,CC(=CC(C)Cc1ccccc1)c1ccccc1,0.492
3,CCCCCCCCCCNC(=O)C(Cc1ccccc1)c1ccccc1,0.491
5,CC(=CCNCNCCNCC)CC(=O)Nc1ccccc1C(=O),0.491
1,CCc1ccccc1C(=O)C=C(Cc1ccccc1)c1ccccc1,0.491
3,CCNCNC(=S)Cc1ccccc1C(=O)C(=O)CCC(=O)c1ccccc1,0.49
2,CCCC#CCCCCCNCC(=O)NCCC(=O)C(=O)C(=O)Cc1ccccc1,0.49
4,CCNCOC(=C)CNC(=O)C(C)Cc1ccccc1,0.489
6,CCOCCCCNCCCCNCCCCCCCC(=O)C(=O)Nc1ccccc1,0.489
2,C#CCCCCCCCCCNCCCCC(=O)C(=O)c1ccccc1,0.488
7,CC(NNCCCNCCN)C(=O)C(=O)c1ccccc1,0.487
4,C=CCCNCCC(=O)C(=O)Cc1ccccc1,0.487
4,CC(C)C(=Cc1ccccc1)c1ccccc1C(=O)c1ccccc1,0.486
2,CCCCCCCN=CCCC(=O)C(=O)C(=O)c1ccccc1,0.485
1,CCC(C=Cc1ccccc1)c1ccccc1,0.483
4,CNCCCCCCCC(=O)C(=Cc1ccccc1)Nc1ccccc1,0.483
4,CCCCCCCCNCCCNCCCCC(=O)C(=O)C(=O)Cc1ccccc1,0.483
4,CCCNCCOC(=O)C(=Cc1ccccc1)C(=O)c1ccccc1,0.483
6,CC(CC=Cc1ccccc1)c1ccccc1,0.483
8,CCCOCCC(=O)C(=Cc1ccccc1)c1ccccc1,0.482
9,CCOCCCC(=O)C(=Cc1ccccc1)c1ccccc1,0.482
4,CCNCCCNCCNC(=S)NC(=O)c1ccccc1,0.482
9,COCCCCC(=O)C(=Cc1ccccc1)c1ccccc1,0.482
6,CCOCCCCCC(=S)C(=O)C(c1ccccc1)c1ccccc1,0.481
9,CCCCCCCc1ccccc1C(=O)C(=O)Nc1ccccc1,0.48
10,CC(=Cc1ccccc1)c1ccccc1C(=O)C(=O)Nc1ccccc1,0.48
6,CNCCCCCCNCCCSC(Cc1ccccc1)c1ccccc1,0.479
7,CCCCCCCCNCC(=O)NC(=Cc1ccccc1)c1ccccc1,0.479
7,CC(=Cc1ccccc1)c1ccccc1C(=O)CCc1ccccc1,0.478
1,C=CCCCCCOCCCC(=O)C(=O)C(=O)c1ccccc1,0.478
4,CC(C)C(=Cc1ccccc1)c1ccccc1C(=O)C=C(C),0.477
2,CCCNC(=Cc1ccccc1)C(=Cc1ccccc1)c1ccccc1,0.477
3,CCCCCCCCOCCCCC(=O)C(=O)Nc1ccccc1,0.476
1,CCCCCCCCCNCCCC(=O)C(=O)Nc1ccccc1,0.476
4,COCCCCCCCCCCCC(=O)C(=O)Nc1ccccc1,0.476
6,CCCCCCCCNCCCCC(=O)C(=O)Nc1ccccc1,0.476
5,CCCCCCCCCCNCCC(=O)C(=O)Nc1ccccc1,0.476
6,CCCCCCCCCC(=O)C(Cc1ccccc1)c1ccccc1,0.475
8,COCCCCCCNC(=O)C(=Cc1ccccc1)c1ccccc1,0.475
8,CCCCCCCCCCCC(=O)C(C)COC(=O)Nc1ccccc1,0.474
5,CCCCCCNC(=S)NC(=Cc1ccccc1)c1ccccc1,0.474
1,CCOCCCCCNC(=O)C(CC(=O)C(=O)Nc1ccccc1)c1ccccc1,0.473
6,CC(NCCCC)CNSC(=O)C(=O)Nc1ccccc1,0.473
6,CC(Sc1ccccc1)c1ccccc1,0.473
3,CCCCC=CCCCCCNC(=O)C(=O)Nc1ccccc1,0.472
3,CCCCCCCCCCCOCC(=S)NC(=O)c1ccccc1,0.472
4,CCCCCCCCCCCCCNC(=O)C(=O)Nc1ccccc1,0.471
4,CCN(NCCCC)CNC(=O)C(=O)c1ccccc1C(=O)CCO,0.47
9,CCCCCCCCCCCCC(=O)C(=O)Nc1ccccc1,0.47
3,CC(F)C(=Cc1ccccc1)c1ccccc1,0.47
5,CNCCCNCCCCCCCNCCCCCNC(=O)C(=O)Nc1ccccc1,0.47
7,CCC(=CC(C)Cc1ccccc1)c1ccccc1,0.469
4,CCC=CCNCCNC(=O)C(=Cc1ccccc1)C(=O)c1ccccc1,0.469
5,CCCCCCCCCC(=O)C(=O)C(=O)Nc1ccccc1,0.468
1,CCCCCNC(=O)Nc1ccccc1C(=O)C(=O)Nc1ccccc1,0.468
8,CCCCCCCCC(=O)C(=Nc1ccccc1)c1ccccc1,0.468
7,CC(C)C(=Cc1ccccc1)c1ccccc1C(=O)Cc1ccccc1,0.466
9,CCCCCCCCCCCCCC(=O)NC(=O)C(=O)Nc1ccccc1,0.465
5,CCCCCCCNC(=O)C(=Cc1ccccc1)c1ccccc1,0.465
5,CC(=C(CCN)CC)CCC(=O)C(=O)C(C)C(=O)Cc1ccccc1,0.465
2,CCCCCCNC(=O)C(=O)C(=Cc1ccccc1)Nc1ccccc1,0.465
8,CC(=C=C(C)Cc1ccccc1)c1ccccc1,0.465
10,CNCCCCCCC(=O)Nc1ccccc1CC(=O)C(=O)Nc1ccccc1,0.465
1,CCOCCCCCCCCCCNC(=O)C(=O)C(CNC)C(=O)c1ccccc1,0.465
3,CCCCCC(=O)C(=Cc1ccccc1)c1ccccc1,0.464
8,CCCCCC(=N)C(=Cc1ccccc1)c1ccccc1,0.462
9,CCCOCCCCCCCCC(=O)C(=O)Cc1ccccc1,0.462
7,CNCCCCCCCNC(=S)CC(=O)C(c1ccccc1)c1ccccc1,0.462
5,CCCCCCCCCCCCNC(=O)NC(=O)C(=O)Nc1ccccc1,0.462
5,CCCNC(=CCCNCCCNCCNCCNCCc1ccccc1)Nc1ccccc1,0.461
7,CCC(SC)CCNCC(=O)C(=Cc1ccccc1)c1ccccc1,0.461
7,CCCCCCNCCC(=O)C(O)C(=O)c1ccccc1,0.461
2,CCCCCCCCCNC(=O)C(=O)C(Cc1ccccc1)c1ccccc1,0.46
9,CCCOCCCC(=O)C(=Cc1ccccc1)c1ccccc1,0.459
10,COCCCCCC(=O)C(=Cc1ccccc1)c1ccccc1,0.459
8,CCCCCCCCCC(=O)C(SC(=O)c1ccccc1)c1ccccc1,0.459
9,CCOCCCCC(=O)C(=Cc1ccccc1)c1ccccc1,0.459
3,CSCCCCCCC(=O)C(=O)C(Cc1ccccc1)c1ccccc1,0.458
4,CCCCCCCCCCCNC(=O)C(Nc1ccccc1)c1ccccc1,0.458
5,COCCCCCCCCNC(=O)C(=Cc1ccccc1)Nc1ccccc1,0.458
7,CCCCCCCCCCC(=O)CC(=O)Cc1ccccc1,0.456
1,CCCCCCCCCCCC(=O)C(=O)Cc1ccccc1,0.456
3,CCCCCCCCCCCNC(=O)C(Cc1ccccc1)c1ccccc1,0.456
5,CCCCCCC(=O)C(C(=O)c1ccccc1)c1ccccc1,0.454
5,CCCNCCCCCNCCCNC(=O)C(Cc1ccccc1)c1ccccc1,0.454
2,CC(C)C(=Cc1ccccc1)c1ccccc1,0.454
7,CNCCCCCCCCCCCCCCC(=O)NC(=O)Cc1ccccc1,0.454
5,CCCCCCCCNCCCCCCCCNC(=O)C(=O)C(=O)c1ccccc1,0.452
7,CCCCCCCC(=O)CC(=Cc1ccccc1)c1ccccc1,0.451
10,CNCCCCCCCCC(=O)C(=Cc1ccccc1)Cc1ccccc1,0.451
3,CCCCCCCCCCCNCCC(=O)C(=O)Nc1ccccc1,0.45
5,Cc1ccccc1C(=O)C(=Cc1ccccc1)c1ccccc1,0.45
4,CCCCCCCCCCOCCCNCCCC(=O)C(=O)C(=O)c1ccccc1,0.449
8,CCNCCCCCCNC(=O)C(=Cc1ccccc1)c1ccccc1,0.449
3,CCCCCNCCCNC(=O)C(=Cc1ccccc1)c1ccccc1,0.449
3,CCCCCCCCCCCCCCNC(=O)C(=O)NC(=O)c1ccccc1,0.449
5,CCC(CC(C)Cc1ccccc1)c1ccccc1,0.449
9,CCCCCCCC(=O)C(=Cc1ccccc1)c1ccccc1O,0.449
7,CCCCCCC(=O)Cc1ccccc1C(=O)C(=O)c1ccccc1,0.448
7,CCCCCC(=O)Cc1ccccc1C(=O)CC(=O)c1ccccc1,0.448
7,CCOCCCCCCNC(=O)C(=Cc1ccccc1)c1ccccc1,0.448
8,CCCCCC(=O)C(=Cc1ccccc1)OCc1ccccc1,0.447
7,CC(N)CCSCCCCCCCCCCCNC(=O)Cc1ccccc1,0.447
4,CCCCCCCCCN=CCC(=O)C(=O)Nc1ccccc1,0.447
4,CCCNC(=O)c1ccccc1C(=O)C(=Cc1ccccc1)c1ccccc1,0.446
9,CC(=C=Cc1ccccc1)c1ccccc1C(=O)C(=O)c1ccccc1,0.446
1,CCCCCCCCCCCNC(=O)C(=O)c1ccccc1,0.445
7,CCCCCCCC(=O)Nc1ccccc1C(=O)CCCC(=O),0.445
1,CC(C)CC(=Cc1ccccc1)c1ccccc1,0.444
6,COCCCCCCNCC(=O)C(=Cc1ccccc1)c1ccccc1,0.442
6,CC(CCCCCNCCCCNCCCCCCO)CNC(=O)C(=O)c1ccccc1,0.442
7,CCNCCCCCC(=S)NC(=Cc1ccccc1)c1ccccc1,0.442
5,CCCCCCCCNCC(=O)C(Sc1ccccc1)c1ccccc1,0.441
9,COCCCCCC(=O)OCc1ccccc1C=Cc1ccccc1C(=O)O,0.44
5,CCCCCCCCCCCCCCNC(=O)C(=O)Nc1ccccc1,0.44
5,CCCCCCC(=O)C(=Cc1ccccc1)c1ccccc1,0.44
3,CCCCNCCC(=O)C(C)C(C(=O)C(=O)c1ccccc1)c1ccccc1,0.439
6,CCCCCCCCCCCCCC(=O)C(=O)Nc1ccccc1,0.439
5,CCCCCCCCCC(=O)C(=Nc1ccccc1)c1ccccc1,0.438
8,CCCNCCCCCC(=O)C(=Cc1ccccc1)c1ccccc1,0.438
8,CNCCCCCCCC(=O)C(=Cc1ccccc1)c1ccccc1,0.438
6,CNCCCNCCNCC(=O)C(=O)Nc1ccccc1,0.438
6,CCNCCCCCCC(=O)C(=Cc1ccccc1)c1ccccc1,0.438
9,COCCCOCCCC(=O)C(=Cc1ccccc1)c1ccccc1,0.438
7,CCCCCCCNCC(=O)C(=Cc1ccccc1)c1ccccc1,0.438
9,CCCCCCCCCCCCC(=O)C(=S)Nc1ccccc1,0.437
5,CCCCCCNCCCc1ccccc1C(=O)C(=O)c1ccccc1,0.436
4,CCCCCCCCNC(=O)C(=Cc1ccccc1)c1ccccc1,0.436
9,CCCCCCCCCC(=O)C(=CNc1ccccc1)c1ccccc1,0.435
9,CCOCCCCCCC(=O)C(=O)Nc1ccccc1C(=O)c1ccccc1,0.435
7,CCCCCCCCCC(=O)C(=Cc1ccccc1)Nc1ccccc1,0.435
9,COCCCCCCC(=O)C(=Cc1ccccc1)c1ccccc1,0.433
8,CCOCCCCCC(=O)C(=Cc1ccccc1)c1ccccc1,0.433
3,CC(=Cc1ccccc1)c1ccccc1C(=O)CC(=O)c1ccccc1,0.429
3,CCCCCCCCCCCC(=O)C(O)C(=O)c1ccccc1,0.428
5,CCCCCCCCNCC(=O)C(C)C(=O)Nc1ccccc1C(=O),0.428
8,CCCCCCCCCCCC(=O)OC(C)Cc1ccccc1,0.428
3,CCCCCCCCCCCC(=O)C(=O)C(=O)Nc1ccccc1,0.427
8,CCOCCCCCCCCNC(=O)C(=Cc1ccccc1)Nc1ccccc1,0.426
6,CCCCCCCCCCCNCCCCC(=O)NC(=O)Nc1ccccc1,0.425
9,CCCCCCCCCCNCCCCCC(=O)NC(=O)Nc1ccccc1,0.425
2,CCCCCCCCCNCCC=CCCNCCCC(=O)C(=O)C(=O)Nc1ccccc1,0.425
7,CCCCCNC(=S)C(=Cc1ccccc1)c1ccccc1,0.425
5,CCNCCCCCCCNC(=O)C(=Cc1ccccc1)c1ccccc1,0.424
3,CCCCCCCNCCNC(=O)C(=Cc1ccccc1)c1ccccc1,0.424
7,CCCC(=C)C(Cc1ccccc1)c1ccccc1,0.423
6,CCCCCCCCCCCNCCCC(=O)C(=O)Nc1ccccc1,0.423
9,CCCCCCCCCCNCCCCC(=O)C(=O)Nc1ccccc1,0.423
5,CCCCCCCCCCCCNC(=O)C(=O)c1ccccc1,0.423
4,CCCCCCCCCCCC(=O)C(Cc1ccccc1)c1ccccc1,0.422
2,CCCCCCCCCCCNC(=O)C(=O)C(=O)Cc1ccccc1,0.42
8,CCCCCCCCNCCCNC(=S)Nc1ccccc1C(=O)O,0.419
1,CCCCCCCCCCNCCC(=O)C(=O)c1ccccc1,0.418
6,CCCNCCCCNCCC(=O)C(=Cc1ccccc1)c1ccccc1,0.418
8,CNCCCCCCCNCC(=O)C(=Cc1ccccc1)c1ccccc1,0.418
9,CCCCCOC(=O)C(=Cc1ccccc1)c1ccccc1,0.418
8,CCCCCCCCCCCCCCCCC(=O)N1C(=O)c2ccccc21,0.417
3,CCCCCCCC(=O)C(=Cc1ccccc1)c1ccccc1,0.416
6,COCCCNCCCCCC(=O)C(=Cc1ccccc1)c1ccccc1,0.416
1,C=CCCCCCCCCCCNC(=O)C(=O)Cc1ccccc1,0.415
8,CCCCCCCCCCNCCC(=O)Nc1ccccc1C(=O)Nc1ccccc1,0.415
4,CCCCCCC(=O)C(=Nc1ccccc1)C(=O)CCc1ccccc1,0.414
2,CCCCCCCCCCCCCOCCNC(=O)C(=O)Nc1ccccc1,0.414
4,CCCCCCCCOCCCCCCCNC(=O)C(=O)Nc1ccccc1,0.414
3,COCCCCCCCCCCCCCCNC(=O)C(=O)Nc1ccccc1,0.414
8,CC(S)C(=Cc1ccccc1)c1ccccc1,0.413
1,CCCCCCCCCNC(=O)C(=O)c1ccccc1NC(=O)c1ccccc1,0.412
4,CCCCCCCCCCCNCCCC(=O)NC(=O)C(=O)Nc1ccccc1,0.412
1,CCCCCCCCCNC(=O)C(=NNc1ccccc1)c1ccccc1,0.411
5,CCCCCCCCCCCCC(=O)C(NCc1ccccc1)c1ccccc1,0.411
2,CCCCCCCCCNC=CCCNC(=O)C(=O)c1ccccc1,0.411
1,CCCCCCCOCCOCCNC(=O)C(=O)C(CC),0.411
1,CCCCCCCCNCC(=O)C(=Cc1ccccc1)c1ccccc1,0.41
10,CNCCCCCCCCC(=O)C(=Cc1ccccc1)c1ccccc1,0.41
10,CCCCCC(=O)OC(=Cc1ccccc1)c1ccccc1,0.41
7,CCCCCCCNCCC(=O)C(=Cc1ccccc1)c1ccccc1,0.41
6,CCCCCCCCCCCCCCCNC(=O)C(=O)Nc1ccccc1,0.41
7,CCNCCCCCCCC(=O)C(=Cc1ccccc1)c1ccccc1,0.41
9,CCCCCNCCCCC(=O)C(=Cc1ccccc1)c1ccccc1,0.41
9,CCCNCCCCCCC(=O)C(=Cc1ccccc1)c1ccccc1,0.41
1,CCCCC=CCCCNCCC(=O)C(Cc1ccccc1)Nc1ccccc1,0.409
2,CCCCNCCCNCCCNC(=O)C(Sc1ccccc1)c1ccccc1,0.409
7,CCCCCCCCCNC(=O)C(=Cc1ccccc1)c1ccccc1,0.408
5,CCCCCCOCCC(=O)C(=Cc1ccccc1)c1ccccc1,0.407
6,CCOCCCCCCC(=O)C(=Cc1ccccc1)c1ccccc1,0.407
7,COCCCCCCNCCC(=O)c1ccccc1C(=O)C(=O)c1ccccc1,0.407
4,CCCCCCCCCCCNC(=O)C(=NCc1ccccc1)c1ccccc1,0.407
9,CCCCCCCCCCCC(=O)C(=O)c1ccccc1,0.406
10,CCCCCCCC(=O)C(=Cc1ccccc1C)c1ccccc1,0.406
5,CCCCCCCNCCCCC(=S)C(=O)C(=O)Nc1ccccc1,0.406
4,CCCCCCCCCCOC(=O)C(Cc1ccccc1)c1ccccc1,0.404
6,CCCCCCCNC(=O)C(=Sc1ccccc1)c1ccccc1,0.404
2,CC(NCCNCSCCCCCCNCC)CCNC(=O)C(=O)C(=O)c1ccccc1,0.404
6,CC(C)Cc1ccccc1C(=O)C(=Cc1ccccc1)c1ccccc1,0.404
2,CCNCCNC(=N)C(=O)c1ccccc1,0.403
7,CCCCCCCCCCCCC(=O)C(Cc1ccccc1)c1ccccc1,0.402
5,CCCCCCCCCCCCNC(=O)C(=O)N(Cc1ccccc1)c1ccccc1,0.402
3,CCCCCCCCCCCNC(=O)C(=O)C(Oc1ccccc1)c1ccccc1,0.402
8,CCCCCCCCCCCCC(=O)C(=O)CCc1ccccc1,0.402
6,CCCCCCNC(=S)C(=Cc1ccccc1)c1ccccc1,0.402
7,CCCNCCCCCCNCCCC(=Cc1ccccc1)c1ccccc1,0.401
8,CCNCCCCC(=S)C(=Cc1ccccc1)c1ccccc1,0.401
2,CCCCCCCCCCCNCCNC(=O)C(=O)c1ccccc1,0.4
2,CCCCCCCCCCCCCNC(=O)C(=O)c1ccccc1,0.4
5,CCCCCCOC(=O)C(=Cc1ccccc1)c1ccccc1,0.399
3,CCCCCCCNCCNC(=S)NC(=O)c1ccccc1N(CCCC),0.399
5,CCCCCCCCCCCCCNCCNC(=O)C(=O)Nc1ccccc1,0.399
9,CCCCCCCCCCNCCCC(=O)C(Cc1ccccc1)c1ccccc1,0.398
1,CCCOCCOCCOC(=O)C(=O)c1ccccc1,0.398
2,CC=CCCCNCCC(=O)C(=Cc1ccccc1)c1ccccc1,0.398
2,Cc1ccccc1C(c1ccccc1)c1ccccc1,0.398
5,COCCCCCCCCCCCCCNC(=C)C(C)C(=O)Nc1ccccc1,0.398
7,COCCCCCCCCCCCC(=O)C(Cc1ccccc1)c1ccccc1,0.398
4,CCCCCCCCCCCNCCCCC(=O)C(=O)Nc1ccccc1,0.396
5,CCCCCCCCCCCCCNCCCC(=O)NC(=O)Nc1ccccc1,0.395
6,CCC(=Cc1ccccc1)c1ccccc1C(=O)CCC(=O)CCc1ccccc1,0.395
2,CCCCCCCCCNC(=O)C(=Cc1cc(C)ccc1)c1ccccc1,0.395
2,CCCCCCCCCCCCCOCCCCNC(=O)Oc1ccccc1,0.394
8,CC(C)CC(=Cc1ccccc1)c1ccccc1C(=O)C(=O)c1ccccc1,0.394
3,CCCCCCCCC(=O)C(=Cc1ccccc1)c1ccccc1,0.393
5,COCCCCCCNCCCC(=O)C(=Cc1ccccc1)c1ccccc1,0.391
4,CCCCCCCCCNC(=O)C(=O)C(C)C(=O)c1ccccc1,0.391
5,CCOCCCCCNCCCC(=O)C(=Cc1ccccc1)c1ccccc1,0.391
5,CCCCNCCCCOCCC(=O)C(=Cc1ccccc1)c1ccccc1,0.391
10,C=CCCCCC(=O)C(=Cc1ccccc1)c1ccccc1,0.389
3,CCCCCCCCCCCC(=O)C(=O)C(Cc1ccccc1)NC(=O),0.389
2,CCOCCCCCCCCCC(=O)C(=O)N(Cc1ccccc1)c1ccccc1,0.389
5,CCCCCCCCCCCNCCNC(=O)Nc1ccccc1Cc1ccccc1,0.388
1,CCCCCCCCCCCCCCOCCNC(=O)C(=O)Nc1ccccc1,0.387
8,CCCCCNCCCCC(=N)C(=Cc1ccccc1)c1ccccc1,0.387
4,CCCCCCCCCCCCCCCC(=O)C(=O)Nc1ccccc1,0.385
9,CCCCCCCCCCCCCCC(=O)CC(=O)Nc1ccccc1,0.385
6,CCCCCCCCCCCCC(=O)C(=O)c1ccccc1,0.385
5,CCC(CC)CCNCCCCCCCCCC(=O)C(=O)Nc1ccccc1,0.385
3,CCCCCCCCCCC(=O)CNC(=O)C(=O)CC(=O)Cc1ccccc1,0.385
8,CCCCCCNCCCCC(=O)C(=Cc1ccccc1)c1ccccc1,0.384
9,CNCCCCCCCCCC(=O)C(=Cc1ccccc1)c1ccccc1,0.384
7,CCCCNCCCCCCC(=O)C(=Cc1ccccc1)c1ccccc1,0.384
8,CCNCCCCCCCCC(=O)C(=Cc1ccccc1)c1ccccc1,0.384
7,CCCCCCCCCCCCCC(=O)C(Cc1ccccc1)c1ccccc1,0.384
6,CCCCCCCNCCCC(=O)C(=Cc1ccccc1)c1ccccc1,0.384
8,CCCCCCCCNCCC(=O)C(=Cc1ccccc1)c1ccccc1,0.384
3,COC(=O)Cc1ccccc1C(=O)C(=Cc1ccccc1C)c1ccccc1,0.383
4,CCCCCCCCCCNC(=O)C(=Cc1ccccc1)c1ccccc1,0.383
10,CCCOCCCCCCC(=O)C(=Cc1ccccc1)c1ccccc1,0.382
2,CCCNCCCNC(=O)C(=O)C(=O)C(C),0.382
3,CCCCCCCCCCOC(=O)C(=O)c1ccccc1,0.382
3,CCCCCCCNCCCCCCCNC(=O)C(=O)c1ccccc1,0.381
6,CCCCCCCNCCCCCCCNCC(=O)C(=O)Nc1ccccc1,0.381
4,CCCCCCCCCC(=O)NCC(=O)C(=O)c1ccccc1C(=O),0.38
9,CCCCCCCCCCC(=O)C(=O)Oc1ccccc1,0.38
2,CCCCNCCc2ccccc2NC(=O)OC(=O)CCC(=O)c1ccccc1,0.379
10,CCCCCCCOC(=O)C(=Cc1ccccc1)c1ccccc1,0.378
1,CCCCCCCCCC(=O)C(C(=O)c1ccccc1)c1ccccc1,0.377
6,CCCCCCCCCCCNCCCC(=O)C(Cc1ccccc1)c1ccccc1,0.377
4,CCCCCCCCCCCCCCNC(=O)C(=O)c1ccccc1,0.377
3,CCCCCCCCCCCNCCNC(=O)C(=O)c1ccc(CC)cc1,0.376
4,CCCCCCCCCCCCCCCCC(=O)NC(=O)C(=O)Nc1ccccc1,0.376
10,CCCNCCCCC(=N)NC(=Cc1ccccc1)c1ccccc1,0.375
7,CCCCCCCCCC(=O)C(=O)C(=Cc1ccccc1)Nc1ccccc1,0.374
3,CCNCCCCCCCCNCCCCC(=O)C(=O)c1ccccc1,0.374
5,CCCCCCCCCC(=O)C(=Cc1ccccc1)c1ccccc1,0.373
8,CCCCCCCCCCCCC(=O)C(=CNc1ccccc1)c1ccccc1,0.372
3,CCCCCCCCCCCCCNC(=O)C(=Nc1ccccc1)c1ccccc1,0.372
6,CCCCCCCCCNC(=C)C(=Cc1ccccc1)c1ccccc1,0.372
5,CCCCCCCCNCCCCCCCCC(=O)C(=O)Nc1ccccc1,0.371
6,CCCCCCCCCNCCCCCCCC(=O)C(=O)Nc1ccccc1,0.371
8,CCCNCCCNCCCCCC(=O)C(=Cc1ccccc1)c1ccccc1,0.371
8,C=CCCCCCC(=O)C(=Cc1ccccc1)c1ccccc1,0.37
6,CCCCCCCCCC(=Cc1ccccc1)C(=O)c1ccccc1,0.37
7,CCCCCCCCCCCNCCCCC(=O)C(=S)Nc1ccccc1,0.37
4,CCCCCCCCCCCC(=O)C(Sc1ccccc1)c1ccccc1,0.37
4,CCCCCCCCCC(=O)C(=O)C(=O)c1cc(CC)ccc1,0.37
9,CNCCCCCCCCCCCCCCC(=O)NC(=O)C(=O)O,0.37
9,CCCCCCCC(=O)OC(=Cc1ccccc1)c1ccccc1,0.369
2,CCOCCCCCCCCCNC(=NC(=O)Nc1ccccc1)c1ccccc1,0.369
1,CCNCNC(=O)C(=O)C(=O)c1ccccc1,0.369
4,CCCCCCCCCCCNC(=O)C(=N)C(=O)c1ccccc1,0.369
1,CCCCCCCCCCCC(=O)C(=O)C(Cc1ccccc1)c1ccccc1,0.368
7,CCCCCC(=O)Oc1ccccc1C(=O)C(=O)c1ccccc1,0.368
6,CCCCCCCCCCCCCCC(=O)C(Cc1ccccc1)c1ccccc1,0.368
6,CCCCCCCCCCCCCC(=O)C(CCc1ccccc1)c1ccccc1,0.368
5,CCCCCCCCCCCNC(=O)C(CC(=O)NCC)C(=O)c1ccccc1,0.368
10,CCCCCCCC(=O)C(=O)C(=Cc1ccccc1)c1ccccc1,0.368
1,CCOCCCCCCCNCCCCN=CC(C)C(=O)C(C)Cc1ccccc1,0.368
2,CCCCCCCCCCCNC(=O)C(=O)C(=O)C(=O)c1ccccc1,0.367
9,CCCCCCCCCNCCCC(=O)C(=O)Oc1ccccc1,0.367
7,CC(C)CCCCCCCC(=O)C(=Cc1ccccc1)c1ccccc1,0.367
3,CCCCCCCCC=CCCCNC(=O)C(=O)c1ccccc1,0.366
2,CCCCCCCCCCCCCC(=O)C(=O)c1ccccc1,0.364
2,CCCCCCCCCCCCNC(=O)C(=O)C(=O)c1ccccc1,0.364
3,CCCCCCCCCC=CCC(=O)C(=O)Nc1ccccc1C(=O),0.364
6,CCCCCCCCCCCCCCCCC(=O)C(=O)Nc1ccccc1,0.364
1,CCCCCCCCCCCCCNCCNC(=O)C(=O)c1ccccc1,0.362
6,CCCCCCCCCNCCCCCC(=O)C(=O)C(=O)Nc1ccccc1,0.362
6,COCCCCCCCCCCCCCCC(=O)C(=O)Cc1ccccc1,0.362
8,CCCCCCNCCCCCCCCCCC(=O)C(=O)Cc1ccccc1,0.362
10,CCCCCCCCCCNCC(=O)C(=Cc1ccccc1)c1ccccc1,0.361
6,CCCCCCNCCCCCC(=O)C(=Cc1ccccc1)c1ccccc1,0.361
9,CCCCCCCCCCCCCC(=O)NC(=O)C(=O)Oc1ccccc1,0.361
4,CCCCCCCCCCCNC(=O)C(=Cc1ccccc1)c1ccccc1,0.361
9,CCCCCCCCNCCCC(=O)C(=Cc1ccccc1)c1ccccc1,0.361
8,CCCNCCCCCCCCC(=O)C(=Cc1ccccc1)c1ccccc1,0.361
8,CCCCCCCNCCCCC(=O)C(=Cc1ccccc1)c1ccccc1,0.361
7,CNCCCCCCCCCCC(=O)C(=Cc1ccccc1)c1ccccc1,0.361
5,CCCCCCCCCCCCNC(=S)CC(=O)C(=O)NCc1ccccc1,0.36
6,CC(=C)C(=Cc1ccccc1)c1ccccc1,0.36
10,CCOCCCCCCCCC(=O)C(=Cc1ccccc1)c1ccccc1,0.36
10,CCCCCCCCCCCC(=O)NC(=O)C(=Cc1ccccc1)c1ccccc1,0.359
10,CCCCCCCCCCCCC(=O)C(=NCc1ccccc1)c1ccccc1,0.359
5,CCCCCCCCOC(=O)C(=Cc1ccccc1)c1ccccc1,0.358
6,CCCCCCCCCCNCCCCCCC(O)CNC(=O)C(C),0.358
6,CCNCCCCCCCCCCC(=O)C(=O)C(=O)c1ccccc1,0.357
4,CCCCCCCCCCCCCNC(=O)C(C(=O)Nc1ccccc1)c1ccccc1,0.357
8,CCCCCCCCCCCCCC(=O)C(=CNc1ccccc1)c1ccccc1,0.357
2,CCCCCCCCCCCCCCC(=O)N(Nc1ccccc1)c1ccccc1,0.357
5,CCCCCCCCCCC(=O)C(=Cc1ccccc1)c1ccccc1,0.356
6,CC(C)CCCCCCCCNCCCNC(=O)C(=O)C(=O)Nc1ccccc1,0.356
9,CCCCCCCCCCCCCCCCC(=O)C(N)C(=O)Nc1ccccc1,0.354
5,CCCCCCCCCCCCCCCC(=O)C(Cc1ccccc1)c1ccccc1,0.354
7,CCCCCCCNCCCCC(=O)NCc1ccccc1C(=O)C(=O)c1ccccc1,0.353
7,CC(=C)CC(=Cc1ccccc1)c1ccccc1,0.353
1,COCCCCCCN=CCC(=O)C(=Cc1ccccc1)c1ccccc1,0.352
5,CC(C)CCCCCCCCC(=O)C(=Cc1ccccc1)c1ccccc1,0.351
5,CCNCCCCCCCCCCNC(=O)C(=Cc1ccccc1)c1ccccc1,0.35
7,CCCCCCCCCCCCC(=S)NC(=O)C(=O)c1ccccc1,0.35
7,CNCCCCCCCCNCCCC(=O)C(=Cc1ccccc1)c1ccccc1,0.349
9,CC(=C)C(C)C(=Cc1ccccc1)c1ccccc1,0.349
6,CCCCCCCCCNCCCCC=CCNC(=O)C(=O)Nc1ccccc1,0.348
7,CCCCCCCCCCCNCCCCC(=O)C(=CCOC),0.348
2,CCCCCCCCCCCCCNC(=O)C(=O)C(=O)c1ccccc1,0.347
5,CCCCCCCCCCCNCCC(=O)C(=Cc1ccccc1)Nc1ccccc1,0.347
5,CCCCCCCCCCNCCCNC(=S)NC(=O)C(=O)Nc1ccccc1,0.347
7,CCCCCCCCCCCCCCCCCC(=O)C(=O)Nc1ccccc1,0.347
10,COCCCCCCC(=O)C(=O)C(=Sc1ccccc1)c1ccccc1,0.346
2,CCCCCCCCCNCCNCCCCCC(=O)OC(=O)c1ccccc1,0.345
9,C=CNCCCCCCCCCCCCCOCCC(=O)C(=O)N,0.345
1,CCCCCCCCCCCCCCCCCNC(=O)N(Cc1ccccc1)c1ccccc1,0.344
2,CCCCCCCCCCCCOCCNCNC(=O)C(=O)Nc1ccccc1,0.344
8,CCCCCCCCCCCCCCC(=O)C(=Cc1ccccc1)Nc1ccccc1,0.343
2,CCCCCCCCCCCCNC(=O)C(=Cc1ccccc1)c1ccccc1,0.343
1,CCCCCCCCC(O)C(=O)C(CCC(C)CCC)C(=O)c1ccccc1,0.342
7,CCNCCCCCCCCCCC(=O)C(=Cc1ccccc1)c1ccccc1,0.342
7,CCCCCCCNCCCCCC(=O)C(=Cc1ccccc1)c1ccccc1,0.342
3,CCCCCCCCCCCC(=O)C(=Cc1ccccc1)c1ccccc1,0.342
7,CCCCCCCCCNCCCC(=O)C(=Cc1ccccc1)c1ccccc1,0.342
9,CCCCCCCCCCCNCC(=O)C(=Cc1ccccc1)c1ccccc1,0.342
8,CNCCCCCCCCCCCC(=O)C(=Cc1ccccc1)c1ccccc1,0.342
8,CCCCCCNCCCCCCC(=O)C(=Cc1ccccc1)c1ccccc1,0.342
10,CCCCCCCCCCNCCC(=O)C(=Cc1ccccc1)c1ccccc1,0.342
10,CCCCCCCCNCCC(=O)C(=Sc1ccccc1)c1ccccc1,0.342
10,CCCCCCCCCCCCCCC(=O)C(=Nc1ccccc1)c1ccccc1,0.342
7,COCCCCCCNCNCCC(=O)C(=Cc1ccccc1)c1ccccc1,0.341
6,CCCCCCCCCOCCC(=O)C(=Cc1ccccc1)c1ccccc1,0.341
6,CCCCCCCCCCCCCCCCC(=O)C(=O)Cc1ccccc1,0.341
9,COCCCCCCCCCCC(=O)C(=Cc1ccccc1)c1ccccc1,0.341
6,CCCCCCC(=COC(=O)C(=O)c1ccccc1)c1ccccc1,0.341
3,CCCCCCCCCCCCNC(=O)C(=O)C(C)C(=O)c1ccccc1,0.341
6,CCCCCCCCCCCCCCCNC(=O)C(=O)C(=O)Cc1ccccc1,0.339
9,CCCCCCCCCCCCCCCNC(=O)C(=Nc1ccccc1)c1ccccc1,0.339
4,COCCCCCCCCCCCCCCCNC(=O)C(=O)c1ccccc1,0.339
5,CCCCCCCCCCCNCCCCCCNC(=O)Nc1ccccc1C(=O)O,0.337
9,CNCCCCCCCCCNC(=O)NC(N)C(=O)O,0.336
6,COCCCCCCCCCC=CC(=O)C(=Cc1ccccc1)c1ccccc1,0.336
3,CCCCCCCCCCCCCCCCNC(=O)C(=O)c1ccccc1,0.335
8,CCCCCCCCCCNCCCCCCC(=O)C(=O)c1ccccc1,0.334
8,CCCCCCCCCCCCCCCCCCC(=O)C(=O)Nc1ccccc1,0.333
2,CCCCCCCCCCCCCOCCC(=O)C(=O)c1ccccc1,0.333
7,CCCCCC=CCNC(=S)C(=Cc1ccccc1)c1ccccc1,0.332
10,CCCCCCCCCC(=O)C(=O)C(=Cc1ccccc1)c1ccccc1,0.331
6,CCCCCCCCCCCCCCCC(=O)C(=Nc1ccccc1)c1ccccc1,0.33
4,CCCCCCCCCCCCCCNC(=C)CNC(=O)C(=O)c1ccccc1,0.33
10,CCCCCCCc1ccccc1CC(=O)C(=Cc1ccccc1)c1ccccc1,0.33
8,CCCCCCCCCCCCCCCNCCC(=O)C(=S)Nc1ccccc1,0.33
10,CC(C)CC(=C)C(=Cc1ccccc1)c1ccccc1,0.329
6,CCCCCCCCCCCCCCCCNCCC(=O)C(=O)Nc1ccccc1,0.329
9,CCCCCCCC=CCCC(=O)C(=O)C(=O)c1ccccc1,0.329
1,CCCCCCCCCCCNCCCNCCNC(=O)C(=O)c1ccccc1,0.329
5,CCCCCCCCCCCCCNC(=O)C(=Cc1ccccc1)c1ccccc1,0.329
4,CCCCCCCCCCCCCCCCNC(=O)c1ccccc1C(=O)c1ccccc1,0.329
6,CCCCCCCCCCCCC(=O)C(=Cc1ccccc1)c1ccccc1,0.329
5,CCCCCCCCCCNCCCCCCCCC(=O)C(=O)Nc1ccccc1,0.329
8,CCCCCCCCCCCCCCCC(=O)Nc1ccccc1C(=O)Cc1ccccc1,0.328
5,CCCCCCCCCCCNCCC(=O)C(=Cc1ccccc1)c1ccccc1,0.326
8,CCCCCCCCCCCCNCC(=O)C(=Cc1ccccc1)c1ccccc1,0.326
8,CCCCCCNCCCCCCCC(=O)C(=Cc1ccccc1)c1ccccc1,0.326
6,COCCCCCCCCCCCC(=O)C(=Cc1ccccc1)c1ccccc1,0.326
7,CCNCCCCCCCCCCCC(=O)C(=Cc1ccccc1)c1ccccc1,0.326
3,CCCCCCCCCCCCCCCCNC(=O)C(=Nc1ccccc1)c1ccccc1,0.326
6,CCCCCCCCNCCCCCC(=O)C(=Cc1ccccc1)c1ccccc1,0.326
8,CCCCCCCNCCCCCCC(=O)C(=Cc1ccccc1)c1ccccc1,0.326
6,CCCCNCCCCCCCCCCNCCCCC(=O)C(=O)Nc1ccccc1,0.325
2,CCCCCCCCCCCNCOC(=O)C(=O)c1ccccc1,0.325
7,CCCCCCCCCCCCCCCNCCCC(=O)C(=O)Cc1ccccc1,0.324
6,CCCCCCCCCCCCCC(=O)C(=O)C(=O)c1ccccc1,0.324
6,CCCCCCCCCCOC(=O)C(=Cc1ccccc1)c1ccccc1,0.324
5,CCCCCCNCCCCC(=O)NC(=N)Nc1ccccc1C(=O)Nc1ccccc1,0.324
8,CCCCCCCCCCCCCCCNCCC(=O)Oc1ccccc1,0.324
6,CCOCCCCCCCCCCCCCCCC(=O)C(=O)Cc1ccccc1,0.324
8,CCCCCCCCCCCCCC(=S)NC(=Cc1ccccc1)c1ccccc1,0.323
7,CCCCCCCCCCCCCCCCC(=O)OC(=O)c1ccccc1,0.322
5,CCCCCCCCCCCCCNCCCCNC(=O)Nc1c(O)cccc1,0.322
9,CCCCCCNCCCCCC(=O)OC(=Cc1ccccc1)c1ccccc1,0.321
6,C=CCCCCCCCCC(=O)C(=Cc1ccccc1)c1ccccc1,0.321
9,CCCCCCCCCCCCCC(=O)c1ccccc1C(=O)C(=O)Nc1ccccc1,0.319
10,CCNCCCCCCCC(=O)C(=C(N)C#CCC)C(=O)Nc1ccccc1,0.318
6,CCCCCCCCCCCCCC(=O)C(=Cc1ccccc1)c1ccccc1,0.318
6,CCCCCNCCCCCCNCCCC(=O)C(=N)C(Cc1ccccc1)C(=O),0.318
10,CCCCCCCCC#CC(=O)C(=Cc1ccccc1)c1ccccc1,0.316
7,CC=CCCCCCCCCC(=O)C(=Cc1ccccc1)c1ccccc1,0.316
1,CCOCCCCCC=CCCCC(=O)C(=O)C(=O)c1ccccc1,0.316
7,CCCCCCCCCCCCCCC(=N)C(=Cc1ccccc1)c1ccccc1,0.315
7,CCCCCCCCCCCCCNCOC(=S)C(=O)c1ccccc1,0.315
5,CCCCCCCCCCCCCNCCCCC(=O)C(COC)=Cc1ccccc1,0.315
6,C=CCCCCCCCCCCNC(=O)C(=O)C(=O)O,0.315
9,CCCCCCCCCCCCCCCCCCC(=O)C(=O)Cc1ccccc1,0.315
5,CCCCCCCCCCCCNCCNC(=O)C(=Cc1ccccc1)c1ccccc1,0.314
5,CCCCCCCCCCCNCCCNC(=O)C(=Cc1ccccc1)c1ccccc1,0.314
8,CCOCCCCCCCCCCCC(=O)C(=Cc1ccccc1)c1ccccc1,0.313
8,CCCCCCCCCCCCOCC(=O)C(=Cc1ccccc1)c1ccccc1,0.313
7,CCCCCCCCNCCCCCCC(=O)C(=Cc1ccccc1)c1ccccc1,0.313
7,CCCNCCCCCCCCCCCC(=O)C(=Cc1ccccc1)c1ccccc1,0.313
5,CCCCCCCCCCCCCCCCCCCNC(=O)C(=O)Cc1ccccc1,0.313
5,CCCCCCCCCCCCCCCCCCCCCCCC(=O)NC(=O)c1ccccc1,0.313
7,CCCCCCCCCCCCCNCC(=O)C(=Cc1ccccc1)c1ccccc1,0.313
7,CCCCCCNCCCCCCCCCCOC(=O)C(Cc1ccccc1)c1ccccc1,0.312
6,CC=CCCCCCCCCCCNCCCC(=O)C(=O)c1ccccc1,0.312
5,CCCCCCCCCCCOC(=O)C(=Cc1ccccc1)c1ccccc1,0.311
8,CCCCC(=C)C(=Cc1ccccc1)c1ccccc1,0.311
9,CCCCCCCCCCCCCCCCC(=O)C(=CNCc1ccccc1)c1ccccc1,0.31
5,CCCCCNCCCCCCCCCCCCC(=O)C(=O)C(=O)Nc1ccccc1,0.308
5,CCCNCCNCCCCCCCCCCCCCCC(=O)C(=O)Nc1ccccc1,0.308
5,CCCCCCCCCCCCCCC(=O)C(=Cc1ccccc1)c1ccccc1,0.308
9,CCCCCCCCCC(=O)Oc1ccccc1C(=O)C(=O)c1ccccc1,0.307
10,CC=CCCCCCCCCCC(=O)C(=Cc1ccccc1)c1ccccc1,0.306
6,CC(=CCCCNCCCCN)C(=O)C(Sc1ccccc1)C(=O)c1ccccc1,0.306
5,CCCCCCCCCCCCCCCNC(=O)C(=Cc1ccccc1)c1ccccc1,0.306
8,CCCCCCCCCCCCCCCCCCNC(=O)C(=O)c1ccccc1,0.305
1,CCCCCCCCCCCCCCCCCC(=O)C(=O)c1ccccc1,0.305
3,CCCCCCCCCCCCCNCOC(=O)C(Cc1ccccc1)c1ccccc1,0.305
6,COCCCCCCCCCCCCCCCNCCC(=O)C(=O)c1ccccc1,0.304
7,CC(SCCCC)CCCCCCCCC(=O)C(=Cc1ccccc1)c1ccccc1,0.304
7,CC#CCCCCCCCCCCC(=O)C(=Cc1ccccc1)c1ccccc1,0.304
7,CCCCCCCCCCCCCCCCNCCCC(=O)C(=S)Nc1ccccc1,0.304
7,CCCCCCCCCCCCCCCCCNC(=O)C(=Cc1ccccc1)Nc1ccccc1,0.303
6,CCCCCCCCCCCNCCCCCCCC(=O)C(=O)c1ccccc1,0.303
7,CNCCCCCCCCCCCCCCC(=O)C(=Cc1ccccc1)c1ccccc1,0.302
7,CCCNCCCCCCCCCCCCC(=O)C(=Cc1ccccc1)c1ccccc1,0.302
8,CCCCCCCCCCCCCCCCCCCCCNCC(=O)NC(=O)Cc1ccccc1,0.302
7,CCCCCCCCCCCNCCCCCCC(=O)c1ccccc1C(=O)Cc1ccccc1,0.302
9,CCCCCCNCCCCCCCCCC(=O)C(=Cc1ccccc1)c1ccccc1,0.302
9,CCCCCNCCCCCCCCCCC(=O)C(=Cc1ccccc1)c1ccccc1,0.302
5,CCCNCCCCCCCCCCCCC(=O)C(Nc1ccccc1)Nc1ccccc1,0.301
10,CCCCCCCCCCCCCCNCCCCC(=O)C(=Nc1ccccc1)c1ccccc1,0.301
1,COCCCCCCCCCCCCCCNC(=O)C(=Cc1ccccc1)c1ccccc1,0.301
5,CCCCCCCCCCCCCNCCCCCCCNC(=O)C(=O)Nc1ccccc1,0.3
6,CCCCCCCNCCCCCCCOC(=O)C(=Cc1ccccc1)Nc1ccccc1,0.3
7,CCCCCCCCCCCCCCCC(=O)C(=Cc1ccccc1)c1ccccc1,0.299
5,CCCCCCCCCCNCCCCCCCCOCCC(=O)C(=O)Nc1ccccc1,0.299
4,CC(=S)C(=Cc1ccccc1)c1ccccc1,0.299
10,CCCCCCCCCCCOC(=C)C(=Cc1ccccc1)c1ccccc1,0.298
10,CCCCCCCCCCCCCNCCCCC(=O)C(=Cc1ccccc1)Nc1ccccc1,0.298
7,CCCCCCCCCCCCCCCCNC(=O)C(=Cc1ccccc1)c1ccccc1,0.297
3,CCCCCCCCCCCNCCOC(=O)C(=O)C(=O)O,0.296
4,CCCCCNCOC(=Cc1ccccc1)c1ccccc1C(=O)c1ccccc1,0.296
6,CCCCCCCCCCCCCCCCNC(=O)C(CC(=O)O)C(=O)c1ccccc1,0.295
8,CCOCCCCCCCCCCCCCC(=O)C(=Cc1ccccc1)c1ccccc1,0.293
8,CCCCCCCCCCCCOCCCC(=O)C(=Cc1ccccc1)c1ccccc1,0.293
1,CCCCCCCCNCCCNC(=O)C(=Cc1ccccc1)C(=O)c1ccccc1,0.293
3,C#CCCCCCCCCCCCONCC(=O)C(C)C(=O)c1ccccc1,0.293
10,CCCCCCCCCCC(C=CC(=O)O)C(=O)O,0.292
8,CCCCCCCCCNCOCCCC(=O)C(=Cc1ccccc1)c1ccccc1,0.292
8,C=CCCCCCCCCCCCC(=O)C(=Cc1ccccc1)c1ccccc1,0.291
9,CCCCCCCCCCCCCNCCCCCCCCC(=O)C(=O)Nc1ccccc1,0.291
2,COCCCCCCCCCCCCCCCNC(=O)C(=O)C(=O)C(=O)O,0.291
6,CCCCCCCCCCCCCCCCC(=O)C(=Cc1ccccc1)c1ccccc1,0.291
5,CCCCCCCCCCCCCOCCCC(=O)C(=Nc1ccccc1)Nc1ccccc1,0.29
5,CCCCCCCCCCCCCC(=O)OC(=Cc1ccccc1)c1ccccc1,0.29
4,CCCCCCCCCCCCCCNC=CCC(=O)C(=O)C(=O)c1ccccc1,0.289
2,CCCCCCCCCC=CCCCOCCCCNC(=O)C(=O)c1ccccc1,0.288
5,CC(C)CNCCCCCCCCCCCCNCCCCCNC(=O)C(=O)Nc1ccccc1,0.288
5,CCCCCCCCCCCCCCNC(=O)C(=Cc1ccccc1)C(=O),0.288
3,CCCCCCCCCCCCCNC(=S)c1ccccc1C(=O)C(=O)c1ccccc1,0.288
8,CCCCCCCCCCCCCCCCC(=O)C(=Cc1ccccc1C)c1ccccc1,0.288
3,C=CCCCCCCCCCCCOCCNC(=O)C(=O)c1ccccc1C(=O),0.287
8,COCCCCCCCCCCNCCCCCC(=O)C(=Cc1ccccc1)c1ccccc1,0.287
4,CCCCCCCCCCCCCCCC=CC(=O)C(=O)c1ccccc1,0.286
7,CCNCCCCCCCCCCCNCCCC(=O)C(=Cc1ccccc1)c1ccccc1,0.286
3,CCCCCCCCCCCCCCCCCNC(=O)C(=O)C(=O)c1ccccc1,0.286
8,CCCCCCCCCCNCCCCOC(=O)C(=Cc1ccccc1)c1ccccc1,0.286
2,CCCCCCCCCCCCCCOCC(=O)CC(=O)C(=O)c1ccccc1,0.285
7,CCCCCCCCCCCNCCCCCCC(=O)C(=Cc1ccccc1)c1ccccc1,0.285
8,CCCCCCCCCCCCCCCCNCC(=O)C(=Cc1ccccc1)c1ccccc1,0.285
7,CCCCCCCCCCCCCCNCCCC(=O)C(=Cc1ccccc1)c1ccccc1,0.285
6,CCOCCCCCCCCCCCCCCC(=O)C(=Cc1ccccc1)c1ccccc1,0.285
6,CCCCCCCCCCCCOCCCCC(=O)C(=Cc1ccccc1)c1ccccc1,0.285
3,CCNCCCCCCCNC(=S)N(CC),0.285
7,CCNCCCCCCCCCCCC(=O)C(=SCc1ccccc1)c1ccccc1,0.285
9,CCCCCCCCCCCCCCCCC(=O)C(=O)C(=O)c1ccccc1,0.284
8,C=CCCCCCCCCCCCCC(=O)C(=Cc1ccccc1)c1ccccc1,0.283
7,CCCCCCCCCCCCCCCCCC(=O)C(=Cc1ccccc1)c1ccccc1,0.283
1,CCCCCCCCCCCCCCCOCCNCCC(=O)C(=O)C(=O)Nc1ccccc1,0.283
6,CCOCCCCCCCCCCCCCCCCCC(=O)C(=O)c1ccccc1,0.282
6,CCNCCCCCCCCCCCCCCCCCCCCC(=O)C(=O)Nc1ccccc1,0.282
9,CCCCCCCCCCCCCCC(=O)NC(=O)C(=O)O,0.28
10,COCCCCCCCCCCCCCCCCCCCCCCC(=O)C(=O)Nc1ccccc1,0.277
6,CCCCCCCCCCCCCCCCCCCCCCCCC(=O)C(=O)Nc1ccccc1,0.277
2,CCCCCCCCCCOCOC(=O)C(C)C(=O)C(=O)c1ccccc1,0.277
10,CCCCCCCCCCCCCCCNCNCC(=O)C(=Nc1ccccc1)c1ccccc1,0.277
6,CCCCCCCCCCCCCCCCCCC(=O)C(=Cc1ccccc1)c1ccccc1,0.276
8,CCCCCCCCCCCCCCNCNC(=O)C(=Cc1ccccc1)c1ccccc1,0.275
1,CCCCCCCCCCCCCCCCOCC(=O)C(=O)C(=O)c1ccccc1,0.274
6,COCCCCCCCCCCCCCCCCCC(=O)C(=Cc1ccccc1)c1ccccc1,0.271
2,CCCCCCCCCCCNCNCCNC(=O)C(=O)CN(C),0.271
4,CCOCCCCCCCCCCCNCOC(=O)C(=O)C(=O)c1ccccc1,0.269
7,C#CCCCCCCCCCCCCCCCC(=O)C(=Cc1ccccc1)c1ccccc1,0.268
3,CCNC=CCCCCCCCNC=CC(=O)C(=O)C(=O),0.268
8,CCCCCCCCCCCCCCCCCCCCCCC(=O)C(=O)c1ccccc1,0.267
7,CCCCCC=CCCCCNCCCCCCCCCC(=O)C(=O)c1ccccc1,0.267
3,CCOCCCCCCCCCCCCCCNC(=S)C(=Cc1ccccc1)c1ccccc1,0.266
5,CCCCCCNCCCCCCCCNCC(=O)C(=O)CC(=O),0.265
3,CCCCCCCCCCCCCCCCOC(=O)C(=O)C(=O)c1ccccc1,0.265
7,CCCCCCCC(=Cc1ccccc1)c1ccccc1,0.264
8,C=CCCCCCCCCCCCCCCCC(=O)C(=Cc1ccccc1)c1ccccc1,0.264
7,C=CCCCCCCCCCCCCCSCC(=O)C(=Cc1ccccc1)c1ccccc1,0.263
1,CCCCCC=CCCCCCCCC(=S)NCNC(=O)C(=O)c1ccccc1,0.263
2,C=CCSCCCCCC=CCCCCCCCNCCCNC(=O)C(=O)c1ccccc1,0.263
5,CCCCCCCCCCCCCCCCOCCCOC(=O)C(=O)c1ccccc1,0.262
4,CCCCCCCCCCCCCCCCCCCCNC(=O)C(=O)C(=O)c1ccccc1,0.259
5,C=CCCCCCCCCCCCCCCCCC(=O)C(=Cc1ccccc1)c1ccccc1,0.258
1,CCCCCCCCC=CCCCCCCNCCCCNC(=O)C(=O)c1ccc(CC)cc1,0.257
6,CC=CCCCCNCCCCCCCCCCCCCCNCCC(=O)C(=O)Nc1ccccc1,0.253
6,CCCCCCCCCCCCCCCCCCCCCNC(=O)C(=O)C(=O)c1ccccc1,0.253
10,CCCCCCCCCCCCC(=O)C(=Cc1ccccc1)C(=O)Oc1ccccc1,0.252
6,CCCCCCCCCCCCCCCC(=O)C(=CNC#N)C(=O)Nc1ccccc1,0.248
4,C=CCCCCCCCCCCCCCCCCCCCNCCCCC(=O)C(=O)c1ccccc1,0.24
4,COCCCCCCCOCCCOC=CCCOCCCNC(=O)C(=O)C(=O)O,0.231
6,CCCNCCCCCCCCCCCCCCCCC(=NO)C(=O)O,0.227
5,CCCCCCCCCCCNCCCC(=C)NC(=O)C(=O)C(C),0.212
2,CNCNCCNC(=O)C(C)=CNC(C),0.173
8,CCCCCCC(=S)C(=Cc1ccccc1)c1ccccc1,0.161
